G4_id,side,positions,sequence,A,C,G,T
1,loops,"[908, 912, 913, 914, 915, 919]",GGTCAT,1.0,1.0,2.0,2.0
2,loops,"[1102, 1103, 1104, 1108, 1109, 1110, 1114, 1115]",TAGTAGTA,3.0,0.0,2.0,3.0
3,loops,"[2779, 2780, 2781, 2782, 2787, 2788, 2789, 2790, 2791, 2792, 2793, 2794, 2799, 2800, 2801, 2802]",TCGTATTCTAATATAG,5.0,2.0,2.0,7.0
4,loops,"[3020, 3021, 3022, 3023, 3028]",AATAA,4.0,0.0,0.0,1.0
5,loops,"[3319, 3320, 3321, 3322, 3323, 3324, 3325, 3326, 3327, 3334, 3335, 3336]",TAGCAGAAAGGG,5.0,1.0,5.0,1.0
6,loops,"[3908, 3909, 3910, 3922, 3923, 3924, 3925, 3926, 3930, 3931, 3932]",GTATATCATTG,3.0,1.0,2.0,5.0
7,loops,"[4218, 4219, 4220, 4230, 4231, 4232, 4233, 4238]",TATTAGGG,2.0,0.0,3.0,3.0
8,loops,"[4507, 4508, 4512, 4516]",ATTT,1.0,0.0,0.0,3.0
9,loops,"[4923, 4924, 4925, 4929, 4930, 4931]",TACTAG,2.0,1.0,1.0,2.0
10,loops,"[5398, 5399, 5400, 5404, 5408, 5409, 5410, 5411, 5412, 5413]",CCTCAATAGT,3.0,3.0,1.0,3.0
11,loops,"[5579, 5580, 5581, 5582, 5583, 5584, 5585, 5586, 5587, 5606, 5607, 5608]",ACTAATAATATT,6.0,1.0,0.0,5.0
12,loops,"[5717, 5722, 5723, 5724, 5734, 5735, 5736]",ATAGTAG,3.0,0.0,2.0,2.0
13,loops,"[7024, 7025, 7026, 7038, 7039, 7049, 7050, 7051, 7052]",ATTTAACAT,4.0,1.0,0.0,4.0
14,loops,"[7511, 7515, 7516, 7517, 7518, 7519, 7520, 7521, 7522, 7523, 7524, 7525, 7526, 7535, 7536]",TTAGGACTTAAAAAT,7.0,1.0,2.0,5.0
15,loops,"[10027, 10036, 10037, 10038, 10039, 10040, 10041, 10042, 10050, 10051, 10052]",TATAAGCTAAT,5.0,1.0,1.0,4.0
16,loops,"[10954, 10955, 10959]",TTT,0.0,0.0,0.0,3.0
17,loops,"[13060, 13061, 13062, 13063, 13064, 13065, 13074, 13075, 13076, 13077, 13078, 13079, 13080, 13081]",TAATCTGAAAATGA,7.0,1.0,2.0,4.0
18,loops,"[13356, 13357, 13358, 13359, 13360, 13361, 13362, 13372, 13373, 13374, 13375, 13385, 13386]",ATAAAATTAAGAT,8.0,0.0,1.0,4.0
19,loops,"[13654, 13655, 13656, 13660]",AATT,2.0,0.0,0.0,2.0
20,loops,"[13784, 13795, 13796, 13797, 13798, 13799, 13800, 13801]",ATAAAAAA,7.0,0.0,0.0,1.0
21,loops,"[13876, 13877, 13883, 13884]",AAAT,3.0,0.0,0.0,1.0
22,loops,"[13939, 13940, 13941, 13942, 13943, 13953, 13954, 13960, 13961, 13962]",TAAAAAAAAA,9.0,0.0,0.0,1.0
23,loops,"[14910, 14911, 14912, 14913, 14914, 14915, 14927, 14928, 14929, 14930, 14931, 14932, 14933, 14934, 14939]",TACATAACTAAACAA,9.0,3.0,0.0,3.0
24,loops,"[15382, 15388]",AA,2.0,0.0,0.0,0.0
25,loops,"[15668, 15669, 15674, 15675, 15676, 15677, 15678, 15679, 15680, 15681, 15682, 15683, 15684, 15685, 15686, 15687, 15688, 15689, 15690, 15691, 15698]",TTATTTGGTCTATTAATCTAT,5.0,2.0,2.0,12.0
26,loops,"[15717, 15721]",GA,1.0,0.0,1.0,0.0
27,loops,"[16099, 16100, 16105, 16106, 16107, 16108, 16109, 16110, 16111, 16112, 16113, 16114, 16115, 16116, 16117, 16118, 16119, 16120]",ACTCCTCTTAATGCCAAA,6.0,6.0,1.0,5.0
