G4_id,start_g4,end_g4,sequence_g4,positions_loops,sequence_loops,A_loops,C_loops,G_loops,T_loops,A>C_loops,A>G_loops,A>T_loops,C>A_loops,C>G_loops,C>T_loops,G>A_loops,G>C_loops,G>T_loops,T>A_loops,T>C_loops,T>G_loops,positions_tetrads,sequence_tetrads,A_tetrads,C_tetrads,G_tetrads,T_tetrads,A>C_tetrads,A>G_tetrads,A>T_tetrads,C>A_tetrads,C>G_tetrads,C>T_tetrads,G>A_tetrads,G>C_tetrads,G>T_tetrads,T>A_tetrads,T>C_tetrads,T>G_tetrads,start_n_up,end_n_up,sequence_n_up,A_n_up,C_n_up,G_n_up,T_n_up,A>C_n_up,A>G_n_up,A>T_n_up,C>A_n_up,C>G_n_up,C>T_n_up,G>A_n_up,G>C_n_up,G>T_n_up,T>A_n_up,T>C_n_up,T>G_n_up,start_n_down,end_n_down,sequence_n_down,A_n_down,C_n_down,G_n_down,T_n_down,A>C_n_down,A>G_n_down,A>T_n_down,C>A_n_down,C>G_n_down,C>T_n_down,G>A_n_down,G>C_n_down,G>T_n_down,T>A_n_down,T>C_n_down,T>G_n_down,T>G_loop_norm,T>C_loop_norm,T>A_loop_norm,G>T_loop_norm,G>C_loop_norm,G>A_loop_norm,C>T_loop_norm,C>G_loop_norm,C>A_loop_norm,A>T_loop_norm,A>G_loop_norm,A>C_loop_norm,T>G_n_up_norm,T>C_n_up_norm,T>A_n_up_norm,G>T_n_up_norm,G>C_n_up_norm,G>A_n_up_norm,C>T_n_up_norm,C>G_n_up_norm,C>A_n_up_norm,A>T_n_up_norm,A>G_n_up_norm,A>C_n_up_norm,T>G_n_down_norm,T>C_n_down_norm,T>A_n_down_norm,G>T_n_down_norm,G>C_n_down_norm,G>A_n_down_norm,C>T_n_down_norm,C>G_n_down_norm,C>A_n_down_norm,A>T_n_down_norm,A>G_n_down_norm,A>C_n_down_norm
1,295,315,CCACCAAACCCCCCCTCCCCC,"[300, 301, 302, 307]",AAAC,3,1.0,0.0,0.0,0.0,0.0,0.0,5.0,0.0,0.0,0.0,0.0,0.0,0.0,0.0,0.0,"[295, 296, 298, 299, 303, 304, 305, 306, 308, 309, 310, 311, 312, 313, 314, 315]",CCCCCCCCCCTCCCCC,0.0,15,0,1.0,0.0,0.0,0,0.0,0.0,6.0,0,0,0,0,0.0,0,291.0,295.0,ATTT,1.0,0.0,0.0,3.0,0.0,0.0,0.0,0.0,0.0,0.0,0.0,0.0,0.0,0.0,4.0,0.0,315.0,319.0,CGCT,0.0,2.0,1.0,1.0,0.0,0.0,0.0,0.0,0.0,0.0,6.0,0.0,0.0,0.0,3.0,0.0,0.0,0.0,0.0,1.0,0.0,0.0,0.0,0.0,0.0,0.0,0.0,0.0,0.0,0.0,0.0,0.0,0.0,0.0,0.0,0.0,0.0,0.0,1.0,0.0,0.0,0.0,0.0,0.0,0.0,0.0,0.6666666666666666,0.0,0.0,0.0,0.3333333333333333,0.0
2,353,387,CCCCAAAAACAAAGAACCCTAACACCAGCCTAACC,"[357, 358, 359, 360, 361, 372, 373, 374, 379, 380]",AAAAATAAAG,8,0.0,1.0,1.0,0.0,0.0,1.0,0.0,0.0,0.0,0.0,0.0,0.0,0.0,0.0,0.0,"[353, 354, 355, 356, 362, 369, 370, 371, 375, 376, 377, 378, 381, 382, 386, 387]",CCCCCCCCCACCCCCC,1.0,15,0,0.0,0.0,0.0,0,0.0,0.0,1.0,0,0,0,0,0.0,0,343.0,353.0,CTCTGCCAAA,3.0,4.0,1.0,2.0,0.0,0.0,0.0,1.0,0.0,2.0,3.0,0.0,0.0,0.0,0.0,0.0,387.0,397.0,CAGATTTCAA,4.0,2.0,1.0,3.0,0.0,0.0,0.0,0.0,0.0,0.0,0.0,0.0,0.0,0.0,0.0,0.0,0.0,0.0,1.0,0.0,0.0,0.0,0.0,0.0,0.0,0.0,0.0,0.0,0.0,0.0,0.0,0.06666666666666667,0.0,0.13333333333333333,0.8,0.0,0.0,0.0,0.0,0.0,0.0,0.0,0.0,0.0,0.0,0.0,0.0,0.0,0.0,0.0,0.0,0.0
3,458,506,CCTCCCACTCCCATACTACTAATCTCATCAATACAACCCCCGCCCATCC,"[464, 470, 471, 472, 473, 474, 475, 476, 477, 478, 479, 480, 481, 482, 483, 484, 485, 486, 487, 488, 489, 490, 491, 492, 493, 499]",AATACTACTAATCTCATCAATACAAG,12,6.0,1.0,7.0,0.0,0.0,0.0,0.0,0.0,1.0,2.0,0.0,0.0,0.0,4.0,0.0,"[458, 459, 461, 462, 463, 465, 466, 467, 468, 469, 494, 495, 496, 497, 498, 500, 501, 502, 505, 506]",CCCCCCTCCCCCCCCCCCCC,0.0,19,0,1.0,0.0,0.0,0,0.0,0.0,8.0,0,0,0,0,1.0,0,432.0,458.0,ACCCCCCAACTAACACATTATTTTCC,8.0,11.0,0.0,7.0,5.0,0.0,0.0,0.0,0.0,24.0,0.0,0.0,0.0,0.0,2.0,0.0,506.0,532.0,CTACCCAGCACACACACACCGCTGCT,7.0,13.0,3.0,3.0,0.0,0.0,0.0,1.0,0.0,4.0,6.0,4.0,1.0,0.0,7.0,0.0,0.0,0.0,0.0,0.0,0.0,0.0608695652173913,0.7304347826086957,0.0,0.0,0.0,0.20869565217391303,0.0,0.2020997375328084,0.0,0.0,0.0,0.0,0.705511811023622,0.0,0.0,0.0,0.0,0.09238845144356955,0.0,0.0,0.0,0.0,0.012048192771084338,0.0,0.04819277108433735,0.3132530120481927,0.20883534136546184,0.05220883534136546,0.0,0.3654618473895582,0.0
4,534,571,CCCCATACCCCGAACCAACCAAACCCCAAAGACACCCC,"[538, 539, 540, 545, 546, 547, 548, 549, 550, 551, 552, 553, 554, 555, 556, 561, 562, 563, 564, 565, 566, 567]",ATAGAACCAACCAAAAAAGACA,14,5.0,2.0,1.0,0.0,10.0,0.0,0.0,0.0,1.0,17.0,0.0,2.0,0.0,0.0,0.0,"[534, 535, 536, 537, 541, 542, 543, 544, 557, 558, 559, 560, 568, 569, 570, 571]",CCCCCCCCCCCCCCCC,0.0,16,0,0.0,0.0,0.0,0,3.0,0.0,7.0,0,0,0,0,0.0,0,512.0,534.0,AGCACACACACACCGCTGCTAA,8.0,9.0,3.0,2.0,0.0,0.0,0.0,1.0,0.0,2.0,6.0,4.0,1.0,0.0,7.0,0.0,571.0,593.0,CCCACAGTTTATGTAGCTTACC,5.0,7.0,3.0,7.0,1.0,0.0,0.0,2.0,0.0,1.0,5.0,0.0,0.0,0.0,0.0,0.0,0.0,0.06858710562414266,0.0,0.0,0.0,0.019204389574759947,0.8161865569272977,0.0,0.09602194787379972,0.0,0.0,0.0,0.0,0.0,0.0,0.014814814814814814,0.0,0.029629629629629627,0.26666666666666666,0.17777777777777776,0.04444444444444444,0.0,0.4666666666666667,0.0,0.08713692946058092,0.0,0.0,0.12448132780082988,0.0,0.06224066390041494,0.7261410788381744,0.0,0.0,0.0,0.0,0.0
5,957,1002,CCCCTCCCCAATAAAGCTAAAACTCACCTGAGTTGTAAAAAACTCC,"[961, 966, 967, 968, 969, 970, 971, 972, 973, 974, 975, 976, 977, 978, 979, 980, 985, 986, 987, 988, 989, 990, 991, 992, 993, 994, 995, 996, 997, 998]",TAATAAAGCTAAAACTTGAGTTGTAAAAAA,16,2.0,4.0,8.0,0.0,0.0,0.0,0.0,0.0,0.0,10.0,0.0,0.0,0.0,5.0,0.0,"[957, 958, 959, 960, 962, 963, 964, 965, 981, 982, 983, 984, 999, 1000, 1001, 1002]",CCCCCCCCCACCCTCC,1.0,14,0,1.0,0.0,0.0,0,0.0,0.0,0.0,0,0,0,0,1.0,0,927.0,957.0,GAAGCCGGCGTAAAGAGTGTTTTAGATCAC,9.0,5.0,9.0,7.0,0.0,2.0,0.0,0.0,0.0,1.0,14.0,2.0,0.0,0.0,2.0,0.0,1002.0,1032.0,CAGTTGACACAAAATAGACTACGAAAGTGG,13.0,5.0,7.0,5.0,0.0,0.0,0.0,0.0,0.0,0.0,9.0,0.0,0.0,0.0,2.0,0.0,0.0,0.0,0.0,0.0,0.0,0.0,0.8,0.0,0.0,0.0,0.2,0.0,0.0,0.08939974457215835,0.0,0.0,0.0,0.08045977011494253,0.6257982120051085,0.08939974457215835,0.0,0.0,0.11494252873563217,0.0,0.0,0.0,0.0,0.0,0.0,0.0,0.7627118644067796,0.0,0.0,0.0,0.23728813559322032,0.0
6,1682,1715,CCCCAAACCCACTCCACCTTACTACCAGACAACC,"[1686, 1687, 1688, 1694, 1700, 1701, 1702, 1703, 1704, 1705]",AAATTTACTA,5,1.0,0.0,4.0,0.0,1.0,0.0,0.0,0.0,0.0,0.0,0.0,0.0,0.0,3.0,0.0,"[1682, 1683, 1684, 1685, 1689, 1690, 1691, 1693, 1695, 1696, 1698, 1699, 1706, 1707, 1714, 1715]",CCCCCCCCCCCCCCCC,0.0,16,0,0.0,0.0,0.0,0,0.0,0.0,3.0,0,0,0,0,0.0,0,1672.0,1682.0,CTAAACCTAG,4.0,3.0,1.0,2.0,0.0,0.0,0.0,0.0,0.0,0.0,0.0,0.0,0.0,0.0,0.0,0.0,1715.0,1725.0,CTTAGCCAAA,4.0,3.0,1.0,2.0,0.0,1.0,0.0,0.0,0.0,0.0,1.0,0.0,0.0,0.0,0.0,0.0,0.0,0.2105263157894737,0.0,0.0,0.0,0.0,0.0,0.0,0.0,0.0,0.7894736842105263,0.0,0.0,0.0,0.0,0.0,0.0,0.0,0.0,0.0,0.0,0.0,0.0,0.0,0.0,0.2,0.0,0.0,0.0,0.0,0.8,0.0,0.0,0.0,0.0,0.0
7,2057,2101,CCCACAGAACCCTCTAAATCCCCTTGTAAATTTAACTGTTAGTCC,"[2060, 2061, 2062, 2063, 2064, 2065, 2069, 2070, 2071, 2072, 2073, 2074, 2075, 2076, 2080, 2081, 2082, 2083, 2084, 2085, 2086, 2087, 2088, 2089, 2090, 2091]",ACAGAATCTAAATCTTGTAAATTTAA,12,3.0,2.0,9.0,0.0,5.0,0.0,0.0,0.0,0.0,3.0,0.0,0.0,0.0,5.0,0.0,"[2057, 2058, 2059, 2066, 2067, 2068, 2077, 2078, 2079, 2092, 2100, 2101]",CCCCCCCCCCCC,0.0,12,0,0.0,0.0,0.0,0,0.0,0.0,0.0,0,0,0,0,0.0,0,2031.0,2057.0,AGAATCTTAGTTCAACTTTAAATTTG,9.0,3.0,3.0,11.0,0.0,0.0,0.0,0.0,0.0,0.0,3.0,0.0,0.0,0.0,5.0,0.0,2101.0,2127.0,CAAAGAGGAACAGCTCTTTGGACACT,9.0,6.0,6.0,5.0,0.0,0.0,0.0,1.0,0.0,0.0,5.0,0.0,0.0,0.0,2.0,0.0,0.0,0.16853932584269662,0.0,0.0,0.0,0.0,0.6067415730337078,0.0,0.0,0.0,0.2247191011235955,0.0,0.0,0.0,0.0,0.0,0.0,0.0,0.6875,0.0,0.0,0.0,0.3125,0.0,0.0,0.0,0.0,0.11904761904761905,0.0,0.0,0.5952380952380953,0.0,0.0,0.0,0.28571428571428575,0.0
8,3204,3247,CCCACACCCACCCAAGAACAGGGTTTGTTAAGATGGCAGAGCCC,"[3207, 3208, 3209, 3213, 3217, 3218, 3219, 3220, 3221, 3222, 3223, 3224, 3225, 3226, 3227, 3228, 3229, 3230, 3231, 3232, 3233, 3234, 3235, 3236, 3237, 3238, 3239, 3240, 3241, 3242, 3243, 3244]",ACAAAAGAACAGGGTTTGTTAAGATGGCAGAG,13,3.0,10.0,6.0,0.0,9.0,0.0,0.0,0.0,1.0,10.0,0.0,0.0,0.0,1.0,0.0,"[3204, 3205, 3206, 3210, 3211, 3212, 3214, 3215, 3216, 3245, 3246, 3247]",CCCCCCCCCCCC,0.0,12,0,0.0,0.0,0.0,0,0.0,0.0,2.0,0,0,0,0,0.0,0,3172.0,3204.0,CGTAAATGATATCATCTCAACTTAGTATTATA,12.0,5.0,3.0,12.0,0.0,2.0,0.0,0.0,0.0,2.0,5.0,1.0,0.0,0.0,6.0,1.0,3247.0,3279.0,CGGTAATCGCATAAAACTTAAAACTTTACAGT,13.0,6.0,4.0,9.0,0.0,0.0,1.0,0.0,0.0,0.0,5.0,1.0,0.0,0.0,3.0,0.0,0.0,0.31578947368421056,0.0,0.0,0.0,0.152046783625731,0.456140350877193,0.0,0.0,0.0,0.0760233918128655,0.0,0.0,0.0529100529100529,0.0,0.0,0.0,0.12698412698412698,0.5291005291005291,0.1058201058201058,0.0,0.0,0.15873015873015872,0.02645502645502645,0.0,0.0,0.04026845637583893,0.0,0.0,0.0,0.6543624161073825,0.13087248322147652,0.0,0.0,0.174496644295302,0.0
9,3484,3530,CCCCTAAAACCCGCCACATCTACCATCACCCTCTACATCACCGCCCC,"[3488, 3489, 3490, 3491, 3492, 3493, 3494, 3495, 3496, 3508, 3509, 3510, 3511, 3523, 3524, 3525, 3526]",TAAAACCCGATCAACCG,7,6.0,2.0,2.0,0.0,0.0,0.0,0.0,0.0,1.0,5.0,0.0,1.0,0.0,1.0,0.0,"[3484, 3485, 3486, 3487, 3497, 3498, 3506, 3507, 3512, 3513, 3514, 3522, 3527, 3528, 3529, 3530]",CCCCCCCCCCCCCCCC,0.0,16,0,0.0,0.0,0.0,0,0.0,0.0,2.0,0,0,0,0,0.0,0,3467.0,3484.0,AACTCTTCACCAAAGAG,7.0,5.0,2.0,3.0,0.0,2.0,0.0,0.0,0.0,1.0,4.0,0.0,0.0,0.0,0.0,0.0,3530.0,3547.0,CGACCTTAGCTCTCACC,3.0,8.0,2.0,4.0,0.0,0.0,0.0,0.0,0.0,0.0,6.0,0.0,0.0,0.0,0.0,0.0,0.0,0.0,0.0,0.0,0.0,0.045454545454545456,0.6818181818181819,0.0,0.13636363636363638,0.0,0.13636363636363638,0.0,0.0,0.11494252873563217,0.0,0.0,0.0,0.08045977011494253,0.8045977011494253,0.0,0.0,0.0,0.0,0.0,0.0,0.0,0.0,0.0,0.0,0.0,1.0,0.0,0.0,0.0,0.0,0.0
10,3568,3589,CCCCTCCCCATACCCAACCCCC,"[3572, 3577, 3578, 3579]",TATA,2,0.0,0.0,2.0,0.0,0.0,0.0,0.0,0.0,0.0,0.0,0.0,0.0,0.0,5.0,0.0,"[3568, 3569, 3570, 3571, 3573, 3574, 3575, 3576, 3580, 3581, 3582, 3585, 3586, 3587, 3588, 3589]",CCCCCCCCCCCCCCCC,0.0,16,0,0.0,0.0,0.0,0,1.0,1.0,0.0,0,0,0,0,0.0,0,3564.0,3568.0,AACC,2.0,2.0,0.0,0.0,0.0,1.0,0.0,0.0,0.0,0.0,0.0,0.0,0.0,0.0,0.0,0.0,3589.0,3593.0,CTGG,0.0,1.0,2.0,1.0,0.0,0.0,0.0,0.0,0.0,0.0,2.0,1.0,0.0,0.0,1.0,0.0,0.0,0.0,0.0,0.0,0.0,0.0,0.0,0.0,0.0,0.0,1.0,0.0,0.0,1.0,0.0,0.0,0.0,0.0,0.0,0.0,0.0,0.0,0.0,0.0,0.0,0.0,0.0,0.0,0.0,0.0,0.4,0.2,0.0,0.0,0.4,0.0
11,3869,3909,CCACACTAGCAGAGACCAACCGAACCCCCTTCGACCTTGCC,"[3873, 3874, 3875, 3876, 3877, 3878, 3879, 3880, 3881, 3882, 3883, 3890, 3891, 3892, 3893, 3898, 3899, 3900, 3901, 3902]",ACTAGCAGAGAGAACTTCGA,8,4.0,5.0,3.0,0.0,3.0,0.0,0.0,0.0,0.0,10.0,0.0,0.0,0.0,4.0,0.0,"[3869, 3870, 3871, 3872, 3884, 3885, 3888, 3889, 3894, 3895, 3896, 3897, 3903, 3904, 3908, 3909]",CCACCCCCCCCCCCCC,1.0,15,0,0.0,0.0,0.0,0,3.0,0.0,3.0,0,0,0,0,0.0,0,3849.0,3869.0,GGCCATAATATGATTTATCT,6.0,3.0,3.0,8.0,0.0,0.0,0.0,0.0,0.0,1.0,9.0,0.0,0.0,0.0,1.0,0.0,3909.0,3929.0,CGAAGGGGAGTCCGAACTAG,6.0,4.0,8.0,2.0,0.0,0.0,0.0,0.0,0.0,0.0,20.0,1.0,0.0,0.0,1.0,0.0,0.0,0.10112359550561799,0.0,0.0,0.0,0.0,0.5393258426966293,0.0,0.0,0.0,0.3595505617977528,0.0,0.0,0.0,0.0,0.0,0.0,0.09638554216867469,0.8674698795180723,0.0,0.0,0.0,0.03614457831325301,0.0,0.0,0.0,0.0,0.0,0.0,0.0,0.8,0.04,0.0,0.0,0.16,0.0
12,3953,3984,CCGCAGGCCCCTTCGCCCTATTCTTCATAGCC,"[3964, 3965, 3966, 3967, 3971, 3972, 3973, 3974]",TTCGTATT,1,1.0,1.0,5.0,0.0,0.0,0.0,0.0,0.0,0.0,4.0,0.0,0.0,0.0,3.0,0.0,"[3953, 3954, 3960, 3961, 3962, 3963, 3968, 3969, 3970, 3975, 3983, 3984]",CCCCCCCCCCCC,0.0,12,0,0.0,0.0,0.0,0,0.0,0.0,0.0,0,0,0,0,0.0,0,3945.0,3953.0,CGAATACG,3.0,2.0,2.0,1.0,1.0,0.0,0.0,0.0,0.0,0.0,9.0,0.0,0.0,0.0,0.0,0.0,3984.0,3992.0,CGAATACA,4.0,2.0,1.0,1.0,0.0,0.0,0.0,0.0,0.0,0.0,1.0,0.0,0.0,0.0,0.0,0.0,0.0,0.0,0.0,0.0,0.0,0.0,0.8695652173913044,0.0,0.0,0.0,0.13043478260869565,0.0,0.06896551724137931,0.0,0.0,0.0,0.0,0.0,0.9310344827586208,0.0,0.0,0.0,0.0,0.0,0.0,0.0,0.0,0.0,0.0,0.0,1.0,0.0,0.0,0.0,0.0,0.0
13,4086,4111,CACCAAGACCCTACTTCTAACCTCCC,"[4090, 4091, 4092, 4093, 4097, 4098, 4108]",AAGATAT,4,0.0,1.0,2.0,0.0,0.0,0.0,0.0,0.0,0.0,1.0,0.0,0.0,0.0,1.0,0.0,"[4086, 4088, 4089, 4094, 4095, 4096, 4099, 4106, 4107, 4109, 4110, 4111]",CCCCCCCCCCCC,0.0,12,0,0.0,0.0,0.0,0,1.0,0.0,3.0,0,0,0,0,0.0,0,4079.0,4086.0,ATTTTGT,1.0,0.0,1.0,5.0,0.0,0.0,0.0,0.0,0.0,0.0,0.0,0.0,0.0,0.0,1.0,0.0,4111.0,4118.0,CTGTTCT,0.0,2.0,1.0,4.0,0.0,0.0,0.0,0.0,0.0,0.0,1.0,0.0,0.0,0.0,5.0,0.0,0.0,0.0,0.0,0.0,0.0,0.0,0.6666666666666666,0.0,0.0,0.0,0.3333333333333333,0.0,0.0,0.0,0.0,0.0,0.0,0.0,0.0,0.0,0.0,0.0,1.0,0.0,0.0,0.0,0.0,0.0,0.0,0.0,0.4444444444444444,0.0,0.0,0.0,0.5555555555555556,0.0
14,4228,4253,CCCATTACAATCTCCAGCATTCCCCC,"[4231, 4232, 4233, 4234, 4243, 4244]",ATTAAG,3,0.0,1.0,2.0,0.0,0.0,0.0,0.0,0.0,0.0,3.0,0.0,0.0,0.0,0.0,0.0,"[4228, 4229, 4230, 4235, 4241, 4242, 4245, 4249, 4250, 4251, 4252, 4253]",CCCCCCCCCCCC,0.0,12,0,0.0,0.0,0.0,0,0.0,0.0,0.0,0,0,0,0,0.0,0,4222.0,4228.0,TCCATA,2.0,2.0,0.0,2.0,0.0,0.0,0.0,0.0,0.0,0.0,0.0,0.0,0.0,0.0,3.0,0.0,4253.0,4259.0,CTCAAA,3.0,2.0,0.0,1.0,0.0,0.0,0.0,0.0,0.0,0.0,0.0,0.0,0.0,0.0,1.0,0.0,0.0,0.0,0.0,0.0,0.0,0.0,1.0,0.0,0.0,0.0,0.0,0.0,0.0,0.0,0.0,0.0,0.0,0.0,0.0,0.0,0.0,0.0,1.0,0.0,0.0,0.0,0.0,0.0,0.0,0.0,0.0,0.0,0.0,0.0,1.0,0.0
15,4349,4394,CCCATCCCTGAGAATCCAAAATTCTCCGTGCCACCTATCACACCCC,"[4366, 4367, 4368, 4369, 4370, 4371, 4372, 4373, 4384, 4385, 4386, 4387, 4388, 4389, 4390]",AAAATTCTTATCACA,7,3.0,0.0,5.0,0.0,0.0,1.0,0.0,0.0,0.0,0.0,0.0,0.0,1.0,1.0,0.0,"[4349, 4350, 4351, 4354, 4355, 4356, 4364, 4365, 4374, 4375, 4382, 4383, 4391, 4392, 4393, 4394]",CCCCCCCCCCCCCCCC,0.0,16,0,0.0,0.0,0.0,0,0.0,0.0,3.0,0,0,0,0,0.0,0,4334.0,4349.0,ACTATGAGAATCGAA,7.0,2.0,3.0,3.0,0.0,1.0,0.0,0.0,0.0,0.0,3.0,0.0,0.0,0.0,2.0,0.0,4394.0,4409.0,CATCCTAAAGTAAGG,6.0,3.0,3.0,3.0,0.0,1.0,0.0,0.0,0.0,0.0,6.0,0.0,0.0,0.0,1.0,0.0,0.0,0.0,0.26315789473684204,0.0,0.0,0.0,0.0,0.0,0.0,0.3684210526315789,0.3684210526315789,0.0,0.0,0.07894736842105264,0.0,0.0,0.0,0.0,0.5526315789473685,0.0,0.0,0.0,0.368421052631579,0.0,0.0,0.06666666666666667,0.0,0.0,0.0,0.0,0.8,0.0,0.0,0.0,0.13333333333333333,0.0
16,4461,4490,CCCGTACTAATTAATCCCCTGGCCCAACCC,"[4464, 4465, 4466, 4467, 4468, 4469, 4470, 4471, 4472, 4473, 4474, 4475, 4476, 4480, 4481, 4482, 4486, 4487]",GTACTAATTAATCTGGAA,7,2.0,3.0,6.0,1.0,1.0,0.0,0.0,0.0,0.0,9.0,0.0,0.0,0.0,2.0,0.0,"[4461, 4462, 4463, 4477, 4478, 4479, 4483, 4484, 4485, 4488, 4489, 4490]",CCCCCCCCCCCC,0.0,12,0,0.0,0.0,0.0,0,1.0,0.0,2.0,0,0,0,0,0.0,0,4443.0,4461.0,AATGTTGGTTATACCCTT,4.0,3.0,3.0,8.0,0.0,0.0,0.0,0.0,0.0,0.0,8.0,0.0,0.0,0.0,1.0,0.0,4490.0,4508.0,CGTCATCTACTCTACCAT,4.0,7.0,1.0,6.0,0.0,0.0,0.0,1.0,0.0,2.0,2.0,0.0,0.0,0.0,0.0,0.0,0.039473684210526314,0.039473684210526314,0.0,0.0,0.0,0.0,0.8289473684210527,0.0,0.0,0.0,0.09210526315789473,0.0,0.0,0.0,0.0,0.0,0.0,0.0,0.9552238805970149,0.0,0.0,0.0,0.04477611940298508,0.0,0.0,0.0,0.0,0.058823529411764705,0.0,0.11764705882352941,0.823529411764706,0.0,0.0,0.0,0.0,0.0
17,4879,4910,CCCCCATCTCAATCATATACCAAATCTCTCCC,"[4893, 4894, 4895, 4896, 4897, 4907]",ATATAT,3,0.0,0.0,3.0,0.0,0.0,0.0,0.0,0.0,0.0,0.0,0.0,0.0,0.0,2.0,0.0,"[4879, 4880, 4881, 4882, 4883, 4892, 4898, 4899, 4906, 4908, 4909, 4910]",CCCCCCCCCCCC,0.0,12,0,0.0,0.0,0.0,0,0.0,0.0,3.0,0,0,0,0,0.0,0,4873.0,4879.0,AACTAG,3.0,1.0,1.0,1.0,0.0,0.0,0.0,0.0,0.0,0.0,2.0,0.0,0.0,0.0,0.0,0.0,4910.0,4916.0,CTCACT,1.0,3.0,0.0,2.0,0.0,0.0,0.0,0.0,0.0,0.0,0.0,0.0,0.0,0.0,2.0,0.0,0.0,0.0,0.0,0.0,0.0,0.0,0.0,0.0,0.0,0.0,1.0,0.0,0.0,0.0,0.0,0.0,0.0,0.0,1.0,0.0,0.0,0.0,0.0,0.0,0.0,0.0,0.0,0.0,0.0,0.0,0.0,0.0,0.0,0.0,1.0,0.0
18,5193,5236,CCCTTAATTCCATCCACCCTCCTCTCCCTAGGAGGCCTGCCCCC,"[5204, 5205, 5212, 5221, 5222, 5223, 5224, 5225, 5226, 5227, 5228, 5229, 5230, 5231]",ATTTAGGAGGCCTG,3,2.0,5.0,4.0,0.0,1.0,0.0,0.0,0.0,1.0,14.0,1.0,0.0,0.0,3.0,0.0,"[5193, 5194, 5195, 5202, 5203, 5206, 5207, 5209, 5210, 5211, 5213, 5214, 5218, 5219, 5220, 5232, 5233, 5234, 5235, 5236]",CCCCCCCCCCCCCCCCCCCC,0.0,20,0,0.0,0.0,0.0,0,0.0,0.0,2.0,0,0,0,0,0.0,0,5179.0,5193.0,TAACATGACTAACA,7.0,3.0,1.0,3.0,0.0,0.0,0.0,0.0,0.0,2.0,0.0,0.0,0.0,0.0,1.0,0.0,5236.0,5250.0,CGCTAACCGGCTTT,2.0,5.0,3.0,4.0,0.0,0.0,0.0,0.0,0.0,0.0,2.0,0.0,0.0,0.0,1.0,0.0,0.0,0.07272727272727272,0.0,0.0,0.0,0.1090909090909091,0.610909090909091,0.04363636363636364,0.0,0.0,0.16363636363636364,0.0,0.0,0.0,0.0,0.0,0.0,0.6666666666666666,0.0,0.0,0.0,0.0,0.3333333333333333,0.0,0.0,0.0,0.0,0.0,0.0,0.0,0.7272727272727273,0.0,0.0,0.0,0.27272727272727276,0.0
19,5303,5337,CCCCACCATCATAGCCACCATCACCCTCCTTAACC,"[5307, 5319, 5329]",AAT,2,0.0,0.0,1.0,0.0,1.0,0.0,0.0,0.0,0.0,0.0,0.0,0.0,0.0,1.0,0.0,"[5303, 5304, 5305, 5306, 5308, 5309, 5317, 5318, 5320, 5321, 5327, 5328, 5330, 5331, 5336, 5337]",CCCCCCCCCCCCCCCC,0.0,16,0,0.0,0.0,0.0,0,1.0,1.0,3.0,0,0,0,0,0.0,0,5300.0,5303.0,CAT,1.0,1.0,0.0,1.0,0.0,0.0,0.0,0.0,0.0,0.0,0.0,0.0,0.0,0.0,3.0,0.0,5337.0,5340.0,CTC,0.0,2.0,0.0,1.0,0.0,0.0,0.0,0.0,0.0,0.0,0.0,0.0,0.0,0.0,1.0,0.0,0.0,0.3333333333333333,0.0,0.0,0.0,0.0,0.0,0.0,0.0,0.0,0.6666666666666666,0.0,0.0,0.0,0.0,0.0,0.0,0.0,0.0,0.0,0.0,0.0,1.0,0.0,0.0,0.0,0.0,0.0,0.0,0.0,0.0,0.0,0.0,0.0,1.0,0.0
20,5428,5463,CAAAACCCACCCCATTCCTCCCCACACTCATCGCCC,"[5436, 5441, 5442, 5443, 5444, 5445, 5446, 5451, 5452, 5453]",AATTCCTACA,4,3.0,0.0,3.0,0.0,1.0,0.0,0.0,0.0,0.0,0.0,0.0,0.0,0.0,1.0,0.0,"[5428, 5433, 5434, 5435, 5437, 5438, 5439, 5440, 5447, 5448, 5449, 5450, 5454, 5461, 5462, 5463]",CCCCCCCCCCCCCCCC,0.0,16,0,0.0,0.0,0.0,0,0.0,0.0,0.0,0,0,0,0,0.0,0,5418.0,5428.0,TTTGAACATA,4.0,1.0,1.0,4.0,0.0,0.0,0.0,0.0,0.0,0.0,3.0,0.0,0.0,0.0,3.0,0.0,5463.0,5473.0,CTTACCACGC,2.0,5.0,1.0,2.0,0.0,0.0,0.0,0.0,0.0,0.0,2.0,0.0,0.0,0.0,1.0,0.0,0.0,0.4285714285714286,0.0,0.0,0.0,0.0,0.0,0.0,0.0,0.0,0.5714285714285715,0.0,0.0,0.0,0.0,0.0,0.0,0.0,0.8,0.0,0.0,0.0,0.2,0.0,0.0,0.0,0.0,0.0,0.0,0.0,0.8,0.0,0.0,0.0,0.2,0.0
21,6421,6468,CCCCTGCCATAACCCAATACCAAACGCCCCTCTTCGTCTGATCCGTCC,"[6425, 6426, 6427, 6428, 6429, 6430, 6431, 6432, 6442, 6443, 6444, 6445, 6446, 6451, 6452, 6453, 6454, 6455, 6456, 6457, 6458, 6459, 6460, 6461, 6462]",TGCCATAAAAACGTCTTCGTCTGAT,7,6.0,4.0,8.0,0.0,2.0,0.0,0.0,0.0,0.0,4.0,0.0,0.0,0.0,1.0,0.0,"[6421, 6422, 6423, 6424, 6433, 6434, 6435, 6441, 6447, 6448, 6449, 6450, 6463, 6464, 6467, 6468]",CCCCCCCCCCCCCCCC,0.0,16,0,0.0,0.0,0.0,0,0.0,0.0,0.0,0,0,0,0,0.0,0,6396.0,6421.0,ATCACAACAATTATCAATATAAAAC,14.0,5.0,0.0,6.0,0.0,0.0,0.0,0.0,0.0,0.0,0.0,0.0,0.0,0.0,2.0,0.0,6468.0,6493.0,CTAATCACAGCAGTCCTACTTCTCC,6.0,10.0,2.0,7.0,0.0,0.0,0.0,0.0,0.0,0.0,3.0,0.0,0.0,0.0,3.0,0.0,0.0,0.20253164556962025,0.0,0.0,0.0,0.0,0.708860759493671,0.0,0.0,0.0,0.08860759493670887,0.0,0.0,0.0,0.0,0.0,0.0,0.0,0.0,0.0,0.0,0.0,1.0,0.0,0.0,0.0,0.0,0.0,0.0,0.0,0.7777777777777778,0.0,0.0,0.0,0.2222222222222222,0.0
22,6539,6587,CCGCAACCTCAACACCACCTTCTTCGACCCCGCCGGAGGAGGAGACCCC,"[6547, 6548, 6549, 6550, 6551, 6552, 6558, 6559, 6560, 6561, 6562, 6563, 6564, 6565, 6570, 6571, 6572, 6573, 6574, 6575, 6576, 6577, 6578, 6579, 6580, 6581, 6582, 6583]",TCAACATTCTTCGAGCCGGAGGAGGAGA,8,6.0,9.0,5.0,0.0,2.0,0.0,0.0,0.0,2.0,12.0,0.0,1.0,0.0,2.0,0.0,"[6539, 6540, 6545, 6546, 6553, 6554, 6556, 6557, 6566, 6567, 6568, 6569, 6584, 6585, 6586, 6587]",CCCCCCCCCCCCCCCC,0.0,16,0,0.0,0.0,0.0,0,0.0,0.0,1.0,0,0,0,0,0.0,0,6511.0,6539.0,CTGCTGGCATCACTATACTACTAACAGA,9.0,8.0,4.0,7.0,0.0,0.0,0.0,0.0,0.0,0.0,4.0,1.0,0.0,0.0,1.0,0.0,6587.0,6615.0,CATTCTATACCAACACCTATTCTGATTT,8.0,8.0,1.0,11.0,0.0,3.0,0.0,0.0,0.0,1.0,1.0,0.0,0.0,0.0,2.0,0.0,0.0,0.10297482837528604,0.0,0.0,0.0,0.13729977116704806,0.5491990846681922,0.0,0.04576659038901602,0.0,0.1647597254004577,0.0,0.0,0.0,0.0,0.0,0.0,0.0,0.717948717948718,0.1794871794871795,0.0,0.0,0.10256410256410256,0.0,0.0,0.22297297297297297,0.0,0.0,0.0,0.07432432432432433,0.5945945945945946,0.0,0.0,0.0,0.10810810810810811,0.0
23,7397,7412,CCCCCCACCCTACCAC,"[7403, 7407, 7408]",ATA,2,0.0,0.0,1.0,4.0,2.0,0.0,0.0,0.0,0.0,0.0,0.0,0.0,0.0,0.0,0.0,"[7397, 7398, 7399, 7400, 7401, 7402, 7404, 7405, 7406, 7409, 7410, 7412]",CCCCCCCCCCCC,0.0,12,0,0.0,0.0,0.0,0,0.0,0.0,2.0,0,0,0,0,0.0,0,7394.0,7397.0,ATG,1.0,0.0,1.0,1.0,0.0,1.0,0.0,0.0,0.0,0.0,0.0,0.0,0.0,0.0,2.0,0.0,7412.0,7415.0,CAC,1.0,2.0,0.0,0.0,0.0,0.0,0.0,0.0,0.0,0.0,0.0,0.0,0.0,0.0,0.0,0.0,0.6666666666666666,0.3333333333333333,0.0,0.0,0.0,0.0,0.0,0.0,0.0,0.0,0.0,0.0,0.0,0.3333333333333333,0.0,0.0,0.0,0.0,0.0,0.0,0.0,0.0,0.6666666666666666,0.0,0.0,0.0,0.0,0.0,0.0,0.0,0.0,0.0,0.0,0.0,0.0,0.0
24,7807,7826,CCTCATCGCCCTCCCATCCC,"[7814, 7818, 7822, 7823]",GTAT,1,0.0,1.0,2.0,0.0,0.0,0.0,0.0,0.0,0.0,2.0,0.0,0.0,1.0,1.0,0.0,"[7807, 7808, 7813, 7815, 7816, 7817, 7819, 7820, 7821, 7824, 7825, 7826]",CCCCCCCCCCCC,0.0,12,0,0.0,0.0,0.0,0,0.0,0.0,0.0,0,0,0,0,0.0,0,7803.0,7807.0,TAGT,1.0,0.0,1.0,2.0,0.0,0.0,0.0,0.0,0.0,0.0,0.0,0.0,0.0,0.0,1.0,0.0,7826.0,7830.0,CTAC,1.0,2.0,0.0,1.0,0.0,0.0,0.0,0.0,0.0,0.0,0.0,0.0,0.0,0.0,1.0,0.0,0.0,0.0,0.0,0.0,0.0,0.0,0.6666666666666666,0.0,0.0,0.16666666666666666,0.16666666666666666,0.0,0.0,0.0,0.0,0.0,0.0,0.0,0.0,0.0,0.0,0.0,1.0,0.0,0.0,0.0,0.0,0.0,0.0,0.0,0.0,0.0,0.0,0.0,1.0,0.0
25,7942,7991,CTCCTACATACTTCCCCCATTATTCCTAGAACCAGGCGACCTGCGACTCC,"[7946, 7947, 7948, 7949, 7950, 7951, 7952, 7953, 7954, 7955, 7960, 7961, 7962, 7963, 7964, 7965, 7975, 7976, 7977, 7978, 7979, 7980]",TACATACTTCATTATTAGGCGA,7,4.0,3.0,8.0,0.0,1.0,0.0,1.0,0.0,0.0,9.0,0.0,0.0,0.0,0.0,0.0,"[7942, 7943, 7944, 7945, 7956, 7957, 7958, 7959, 7966, 7967, 7973, 7974, 7981, 7982, 7990, 7991]",CTCCCCCCCCCCCCCC,0.0,15,0,1.0,0.0,0.0,0,1.0,0.0,0.0,0,0,0,0,0.0,0,7920.0,7942.0,ACTACGGCGGACTAATCTTCAA,7.0,6.0,4.0,5.0,0.0,0.0,0.0,2.0,0.0,1.0,6.0,0.0,0.0,0.0,3.0,0.0,7991.0,8013.0,CTTGACGTTGACAATCGAGTAG,6.0,4.0,6.0,6.0,0.0,1.0,0.0,0.0,0.0,0.0,6.0,1.0,0.0,0.0,3.0,0.0,0.0,0.042105263157894736,0.0,0.0736842105263158,0.0,0.0,0.8842105263157894,0.0,0.0,0.0,0.0,0.0,0.0,0.0,0.0,0.1282051282051282,0.0,0.0641025641025641,0.5769230769230769,0.0,0.0,0.0,0.23076923076923075,0.0,0.0,0.0909090909090909,0.0,0.0,0.0,0.0,0.5454545454545454,0.0909090909090909,0.0,0.0,0.2727272727272727,0.0
26,8262,8295,CCCTATAGCACCCCCTCTACCCCCTCTAGAGCCC,"[8271, 8272, 8277, 8278, 8279, 8280]",ACTCTA,2,2.0,0.0,2.0,0.0,0.0,0.0,1.0,0.0,0.0,0.0,0.0,0.0,0.0,7.0,0.0,"[8262, 8263, 8264, 8270, 8273, 8274, 8275, 8276, 8281, 8282, 8283, 8284, 8285, 8293, 8294, 8295]",CCCCCCCCCCCCCCCC,0.0,16,0,0.0,0.0,0.0,0,0.0,1.0,1.0,0,0,0,0,0.0,0,8256.0,8262.0,TATTTA,2.0,0.0,0.0,4.0,0.0,0.0,0.0,0.0,0.0,0.0,0.0,0.0,0.0,0.0,2.0,0.0,8295.0,8301.0,CACTGT,1.0,2.0,1.0,2.0,0.0,0.0,0.0,0.0,0.0,0.0,0.0,0.0,0.0,0.0,0.0,0.0,0.0,0.0,0.0,0.125,0.0,0.0,0.0,0.0,0.0,0.0,0.875,0.0,0.0,0.0,0.0,0.0,0.0,0.0,0.0,0.0,0.0,0.0,1.0,0.0,0.0,0.0,0.0,0.0,0.0,0.0,0.0,0.0,0.0,0.0,0.0,0.0
27,8468,8488,CTACCTCCCTCACCAAAGCCC,"[8473, 8477, 8482, 8483, 8484, 8485]",TTAAAG,3,0.0,1.0,2.0,0.0,0.0,0.0,0.0,0.0,0.0,4.0,0.0,0.0,0.0,1.0,0.0,"[8468, 8471, 8472, 8474, 8475, 8476, 8478, 8480, 8481, 8486, 8487, 8488]",CCCCCCCCCCCC,0.0,12,0,0.0,0.0,0.0,0,0.0,0.0,0.0,0,0,0,0,0.0,0,8462.0,8468.0,TACCAC,2.0,3.0,0.0,1.0,0.0,0.0,0.0,0.0,0.0,1.0,0.0,0.0,0.0,0.0,0.0,0.0,8488.0,8494.0,CATAAA,4.0,1.0,0.0,1.0,0.0,0.0,0.0,0.0,0.0,0.0,0.0,0.0,0.0,0.0,0.0,0.0,0.0,0.0,0.0,0.0,0.0,0.0,0.8888888888888888,0.0,0.0,0.0,0.1111111111111111,0.0,0.0,0.0,0.0,0.0,0.0,1.0,0.0,0.0,0.0,0.0,0.0,0.0,0.0,0.0,0.0,0.0,0.0,0.0,0.0,0.0,0.0,0.0,0.0,0.0
28,8559,8608,CCCCACAATCCTAGGCCTACCCGCCGCAGTACTGATCATTCTATTTCCCC,"[8563, 8564, 8565, 8566, 8567, 8576, 8577, 8586, 8587, 8588, 8589, 8590, 8591, 8592, 8593, 8594, 8595, 8596, 8597, 8598, 8599, 8600, 8601, 8602, 8603, 8604]",ACAATTAAGTACTGATCATTCTATTT,9,4.0,2.0,11.0,0.0,1.0,1.0,0.0,0.0,0.0,3.0,0.0,0.0,0.0,4.0,0.0,"[8559, 8560, 8561, 8562, 8568, 8569, 8574, 8575, 8578, 8579, 8580, 8585, 8605, 8606, 8607, 8608]",CCCCCCCCCCCCCCCC,0.0,16,0,0.0,0.0,0.0,0,0.0,0.0,1.0,0,0,0,0,0.0,0,8533.0,8559.0,GAAAATCTGTTCGCTTCATTCATTGC,6.0,6.0,4.0,10.0,0.0,0.0,1.0,0.0,0.0,0.0,4.0,0.0,0.0,0.0,7.0,0.0,8608.0,8634.0,CCTCTATTGATCCCCACCTCCAAATA,7.0,11.0,1.0,7.0,0.0,0.0,0.0,0.0,0.0,3.0,0.0,0.0,0.0,0.0,8.0,0.0,0.0,0.05326876513317191,0.05326876513317191,0.0,0.0,0.0,0.7191283292978208,0.0,0.0,0.0,0.17433414043583534,0.0,0.0,0.0,0.08928571428571427,0.0,0.0,0.0,0.5357142857142857,0.0,0.0,0.0,0.37499999999999994,0.0,0.0,0.0,0.0,0.0,0.0,0.1926605504587156,0.0,0.0,0.0,0.0,0.8073394495412844,0.0
29,8806,8847,CCAACCACCCAACTATCTATAAACCTAGCCATGGCCATCCCC,"[8812, 8823, 8824, 8825, 8826, 8827, 8828, 8829, 8830, 8831, 8832, 8833, 8842, 8843]",ATATAAACCTAGAT,7,2.0,1.0,4.0,0.0,0.0,0.0,0.0,0.0,0.0,3.0,0.0,0.0,0.0,2.0,0.0,"[8806, 8807, 8810, 8811, 8813, 8814, 8815, 8822, 8834, 8835, 8840, 8841, 8844, 8845, 8846, 8847]",CCCCCCCCCCCCCCCC,0.0,16,0,0.0,0.0,0.0,0,0.0,0.0,4.0,0,0,0,0,0.0,0,8792.0,8806.0,CTCACTCATTTACA,4.0,5.0,0.0,5.0,0.0,0.0,0.0,0.0,0.0,0.0,0.0,0.0,0.0,0.0,1.0,0.0,8847.0,8861.0,CTTATGAGCGGGCA,3.0,3.0,5.0,3.0,0.0,0.0,0.0,0.0,1.0,2.0,11.0,0.0,0.0,0.0,2.0,0.0,0.0,0.0,0.0,0.0,0.0,0.0,0.8571428571428571,0.0,0.0,0.0,0.14285714285714285,0.0,0.0,0.0,0.0,0.0,0.0,0.0,0.0,0.0,0.0,0.0,1.0,0.0,0.0,0.0,0.0,0.0,0.08620689655172413,0.17241379310344826,0.5689655172413793,0.0,0.0,0.0,0.17241379310344826,0.0
30,8914,8943,CCACAAGGCACACCTACACCCCTTATCCCC,"[8918, 8919, 8920, 8921, 8922, 8923, 8928, 8929, 8930, 8931, 8936, 8937, 8938, 8939]",AAGGCATACATTAT,6,2.0,2.0,4.0,0.0,0.0,1.0,0.0,0.0,0.0,3.0,0.0,0.0,0.0,2.0,0.0,"[8914, 8915, 8916, 8917, 8924, 8925, 8926, 8927, 8932, 8933, 8934, 8935, 8940, 8941, 8942, 8943]",CCACCACCCCCCCCCC,2.0,14,0,0.0,0.0,0.0,0,0.0,0.0,1.0,0,0,0,0,0.0,0,8900.0,8914.0,TAGCCCACTTCTTA,3.0,5.0,1.0,5.0,0.0,0.0,0.0,0.0,0.0,0.0,1.0,0.0,0.0,0.0,0.0,0.0,8943.0,8957.0,CATACTAGTTATTA,5.0,2.0,1.0,6.0,0.0,0.0,0.0,0.0,0.0,0.0,2.0,0.0,0.0,1.0,1.0,0.0,0.0,0.0,0.07692307692307691,0.0,0.0,0.0,0.6923076923076922,0.0,0.0,0.0,0.23076923076923073,0.0,0.0,0.0,0.0,0.0,0.0,0.0,1.0,0.0,0.0,0.0,0.0,0.0,0.0,0.0,0.0,0.0,0.0,0.0,0.8571428571428572,0.0,0.0,0.07142857142857144,0.07142857142857144,0.0
31,9243,9270,CCCAGCCCATGACCCCTAACAGGGGCCC,"[9246, 9247, 9251, 9252, 9253, 9254, 9255, 9259, 9260, 9261, 9262, 9263, 9264, 9265, 9266, 9267]",AGATGACTAACAGGGG,6,2.0,6.0,2.0,0.0,0.0,0.0,0.0,0.0,0.0,14.0,0.0,0.0,0.0,0.0,0.0,"[9243, 9244, 9245, 9248, 9249, 9250, 9256, 9257, 9258, 9268, 9269, 9270]",CCCCCCCCCCCC,0.0,12,0,0.0,0.0,0.0,0,0.0,0.0,0.0,0,0,0,0,0.0,0,9227.0,9243.0,CTATCATATAGTAAAA,8.0,2.0,1.0,5.0,1.0,1.0,0.0,0.0,0.0,0.0,0.0,0.0,0.0,0.0,3.0,0.0,9270.0,9286.0,CTCTCAGCCCTCCTAA,3.0,8.0,1.0,4.0,0.0,0.0,1.0,0.0,0.0,1.0,0.0,0.0,0.0,0.0,2.0,0.0,0.0,0.0,0.0,0.0,0.0,0.0,1.0,0.0,0.0,0.0,0.0,0.0,0.14705882352941177,0.14705882352941177,0.0,0.0,0.0,0.0,0.0,0.0,0.0,0.0,0.7058823529411765,0.0,0.0,0.0,0.34782608695652173,0.0,0.0,0.13043478260869565,0.0,0.0,0.0,0.0,0.5217391304347826,0.0
32,9526,9574,CCCCTACCCCCCAATTAGGAGGGCACTGGCCCCCAACAGGCATCACCCC,"[9538, 9539, 9540, 9541, 9542, 9543, 9544, 9545, 9546, 9547, 9548, 9549, 9550, 9551, 9552, 9553, 9554, 9560, 9561, 9562, 9563, 9564, 9565]",AATTAGGAGGGCACTGGAACAGG,8,3.0,9.0,3.0,2.0,1.0,0.0,0.0,0.0,0.0,10.0,2.0,0.0,0.0,0.0,0.0,"[9526, 9527, 9528, 9529, 9532, 9533, 9534, 9535, 9536, 9537, 9555, 9556, 9557, 9558, 9559, 9566, 9571, 9572, 9573, 9574]",CCCCCCCCCCCCCCCCCCCC,0.0,20,0,0.0,0.0,0.0,0,0.0,0.0,2.0,0,0,0,0,0.0,0,9503.0,9526.0,AGCCTTTTACCACTCCAGCCTAG,5.0,9.0,3.0,6.0,0.0,0.0,0.0,0.0,0.0,1.0,3.0,1.0,0.0,0.0,3.0,0.0,,,,,,,,,,,,,,,,,,,,0.14634146341463414,0.07317073170731707,0.0,0.0,0.0,0.0,0.6504065040650406,0.13008130081300812,0.0,0.0,0.0,0.0,0.0,0.0,0.0,0.0,0.0,0.05714285714285714,0.5142857142857143,0.17142857142857143,0.0,0.0,0.2571428571428572,0.0,,,,,,,,,,,,
33,9583,9611,CCCTAGAAGTCCCACTCCTAAACACATCC,"[9586, 9587, 9588, 9589, 9590, 9591, 9592, 9596, 9597, 9598, 9606]",TAGAAGTACTA,5,1.0,2.0,3.0,0.0,0.0,0.0,0.0,0.0,0.0,2.0,0.0,0.0,0.0,0.0,0.0,"[9583, 9584, 9585, 9593, 9594, 9595, 9599, 9600, 9605, 9607, 9610, 9611]",CCCCCCCCCCCC,0.0,12,0,0.0,0.0,0.0,0,1.0,0.0,1.0,0,0,0,0,0.0,0,,,,,,,,,,,,,,,,,,,,9611.0,9622.0,CGTATTACTCG,2.0,3.0,2.0,4.0,0.0,0.0,0.0,1.0,0.0,0.0,6.0,0.0,0.0,0.0,1.0,0.0,0.0,0.0,0.0,0.0,0.0,0.0,1.0,0.0,0.0,0.0,0.0,0.0,,,,,,,,,,,,,0.0,0.0,0.0,0.09302325581395347,0.0,0.0,0.8372093023255813,0.0,0.0,0.0,0.06976744186046512,0.0
34,10184,10207,CCCTATATCCCCCGCCCGCGTCCC,"[10187, 10188, 10189, 10190, 10191, 10192, 10193, 10197, 10201, 10202, 10203, 10204]",TATATCCGGCGT,2,3.0,3.0,4.0,0.0,0.0,0.0,0.0,0.0,0.0,12.0,0.0,0.0,0.0,0.0,0.0,"[10184, 10185, 10186, 10194, 10195, 10196, 10198, 10199, 10200, 10205, 10206, 10207]",CCCCCCCCCCCC,0.0,12,0,0.0,0.0,0.0,0,0.0,0.0,0.0,0,0,0,0,0.0,0,10172.0,10184.0,GTGCGGCTTCGA,1.0,3.0,5.0,3.0,0.0,0.0,0.0,0.0,0.0,0.0,7.0,0.0,0.0,0.0,1.0,1.0,10207.0,10219.0,CTTTCTCCATAA,3.0,4.0,0.0,5.0,0.0,0.0,0.0,0.0,0.0,0.0,0.0,0.0,0.0,0.0,2.0,0.0,0.0,0.0,0.0,0.0,0.0,0.0,1.0,0.0,0.0,0.0,0.0,0.0,0.0,0.0,0.0,0.0,0.0,0.0,0.6774193548387097,0.0,0.0,0.0,0.16129032258064518,0.16129032258064518,0.0,0.0,0.0,0.0,0.0,0.0,0.0,0.0,0.0,0.0,1.0,0.0
35,10267,10293,CCCTCCTTTTACCCCTACCATGAGCCC,"[10270, 10282, 10283, 10284, 10285, 10286, 10287, 10288, 10289, 10290]",TTACCATGAG,3,2.0,2.0,3.0,0.0,1.0,0.0,0.0,0.0,0.0,3.0,0.0,0.0,0.0,0.0,0.0,"[10267, 10268, 10269, 10271, 10272, 10278, 10279, 10280, 10281, 10291, 10292, 10293]",CCCCCCCCCCCC,0.0,12,0,0.0,0.0,0.0,0,0.0,0.0,2.0,0,0,0,0,0.0,0,10257.0,10267.0,CTAGAAATTG,4.0,1.0,2.0,3.0,0.0,0.0,0.0,0.0,0.0,0.0,2.0,0.0,0.0,0.0,0.0,0.0,10293.0,10303.0,CTACAAACAA,6.0,3.0,0.0,1.0,0.0,0.0,0.0,0.0,0.0,0.0,0.0,0.0,0.0,0.0,0.0,0.0,0.0,0.18181818181818182,0.0,0.0,0.0,0.0,0.8181818181818182,0.0,0.0,0.0,0.0,0.0,0.0,0.0,0.0,0.0,0.0,0.0,1.0,0.0,0.0,0.0,0.0,0.0,0.0,0.0,0.0,0.0,0.0,0.0,0.0,0.0,0.0,0.0,0.0,0.0
36,10612,10637,CCCTCAACACCCACTCCCTCTTAGCC,"[10615, 10616, 10617, 10618, 10619, 10620, 10624, 10625, 10626, 10630]",TCAACAACTT,4,3.0,0.0,3.0,0.0,0.0,0.0,0.0,0.0,0.0,0.0,0.0,0.0,0.0,3.0,1.0,"[10612, 10613, 10614, 10621, 10622, 10623, 10627, 10628, 10629, 10631, 10636, 10637]",CCCCCCCCCCCC,0.0,12,0,0.0,0.0,0.0,0,0.0,0.0,1.0,0,0,0,0,0.0,0,10602.0,10612.0,ACTCTCATAA,4.0,3.0,0.0,3.0,0.0,1.0,0.0,0.0,0.0,0.0,0.0,0.0,0.0,0.0,1.0,0.0,10637.0,10647.0,CAATATTGTG,3.0,1.0,2.0,4.0,0.0,1.0,0.0,0.0,0.0,0.0,4.0,1.0,0.0,0.0,2.0,0.0,0.0,0.0,0.0,0.0,0.0,0.0,0.0,0.0,0.0,0.0,0.75,0.25,0.0,0.4285714285714286,0.0,0.0,0.0,0.0,0.0,0.0,0.0,0.0,0.5714285714285715,0.0,0.0,0.09999999999999999,0.0,0.0,0.0,0.0,0.6,0.15,0.0,0.0,0.15,0.0
37,10918,10951,CCCAACCTTTTCCTCCGACCCCCTAACAACCCCC,"[10925, 10926, 10927, 10928, 10934, 10935, 10941, 10942, 10943, 10944, 10945, 10946]",TTTTGATAACAA,5,1.0,1.0,5.0,0.0,0.0,0.0,0.0,0.0,0.0,1.0,0.0,0.0,0.0,0.0,0.0,"[10918, 10919, 10920, 10923, 10924, 10929, 10930, 10931, 10932, 10933, 10936, 10937, 10938, 10939, 10940, 10947, 10948, 10949, 10950, 10951]",CCCCCCCTCCCCCCCCCCCC,0.0,19,0,1.0,0.0,0.0,0,0.0,0.0,3.0,0,0,0,0,0.0,0,10906.0,10918.0,ATTTAGCTGTTC,2.0,2.0,2.0,6.0,0.0,0.0,0.0,0.0,0.0,1.0,5.0,0.0,0.0,0.0,4.0,0.0,10951.0,10963.0,CCTCCTAATACT,3.0,5.0,0.0,4.0,0.0,1.0,0.0,0.0,0.0,1.0,0.0,0.0,0.0,0.0,5.0,0.0,0.0,0.0,0.0,0.0,0.0,0.0,1.0,0.0,0.0,0.0,0.0,0.0,0.0,0.0,0.0,0.0,0.0,0.13636363636363638,0.6818181818181819,0.0,0.0,0.0,0.18181818181818182,0.0,0.0,0.18691588785046728,0.0,0.0,0.0,0.11214953271028039,0.0,0.0,0.0,0.0,0.7009345794392524,0.0
38,10973,11022,CTCCTACCCCTCACAATCATGGCAAGCCAACGCCACTTATCCAGTGAACC,"[10977, 10978, 10983, 10984, 10985, 10986, 10987, 10988, 10989, 10990, 10991, 10992, 10993, 10994, 10995, 10996, 10997, 10998, 11007, 11008, 11009, 11010, 11011, 11012]",TATCACAATCATGGCAAGACTTAT,9,5.0,3.0,7.0,0.0,0.0,0.0,0.0,0.0,0.0,4.0,0.0,0.0,0.0,3.0,0.0,"[10973, 10974, 10975, 10976, 10979, 10980, 10981, 10982, 10999, 11000, 11005, 11006, 11013, 11014, 11021, 11022]",CTCCCCCCCCCCCCCC,0.0,15,0,1.0,0.0,0.0,0,0.0,0.0,1.0,0,0,0,0,1.0,0,,,,,,,,,,,,,,,,,,,,11022.0,11046.0,CACTATCACGAAAAAAACTCTACC,11.0,8.0,1.0,4.0,1.0,3.0,0.0,1.0,0.0,2.0,1.0,0.0,0.0,0.0,3.0,0.0,0.0,0.0,0.0,0.0,0.0,0.0,0.7567567567567567,0.0,0.0,0.0,0.24324324324324323,0.0,,,,,,,,,,,,,0.0365296803652968,0.10958904109589039,0.0,0.0502283105022831,0.0,0.1004566210045662,0.4018264840182648,0.0,0.0,0.0,0.3013698630136986,0.0
39,11130,11162,CCACACTTATCCCCACCTTGGCTATCATCACCC,"[11144, 11156, 11157, 11158, 11159]",AATCA,3,1.0,0.0,1.0,0.0,0.0,0.0,0.0,0.0,0.0,0.0,0.0,0.0,0.0,2.0,0.0,"[11130, 11131, 11140, 11141, 11142, 11143, 11145, 11146, 11155, 11160, 11161, 11162]",CCCCCCCCCCCC,0.0,12,0,0.0,0.0,0.0,0,0.0,0.0,5.0,0,0,0,0,0.0,0,11125.0,11130.0,CGAAA,3.0,1.0,1.0,0.0,0.0,0.0,0.0,0.0,0.0,0.0,2.0,0.0,0.0,0.0,0.0,0.0,11162.0,11167.0,CGATG,1.0,1.0,2.0,1.0,0.0,0.0,0.0,0.0,0.0,1.0,7.0,0.0,0.0,0.0,1.0,0.0,0.0,0.0,0.0,0.0,0.0,0.0,0.0,0.0,0.0,0.0,1.0,0.0,0.0,0.0,0.0,0.0,0.0,0.0,1.0,0.0,0.0,0.0,0.0,0.0,0.0,0.0,0.0,0.0,0.0,0.18181818181818182,0.6363636363636364,0.0,0.0,0.0,0.18181818181818182,0.0
40,11206,11236,CCTATTCTACACCCTAGTAGGCTCCCTTCCC,"[11216, 11220, 11221, 11222, 11223, 11224, 11225, 11226, 11227, 11228, 11232, 11233]",ATAGTAGGCTTT,3,1.0,3.0,5.0,0.0,0.0,0.0,0.0,0.0,0.0,9.0,1.0,0.0,0.0,6.0,0.0,"[11206, 11207, 11215, 11217, 11218, 11219, 11229, 11230, 11231, 11234, 11235, 11236]",CCCCCCCCCCCC,0.0,12,0,0.0,0.0,0.0,0,0.0,0.0,3.0,0,0,0,0,0.0,0,11194.0,11206.0,AGGCACATACTT,4.0,3.0,2.0,3.0,0.0,1.0,0.0,0.0,0.0,0.0,7.0,0.0,0.0,0.0,0.0,0.0,11236.0,11248.0,CCTACTCATCGC,2.0,6.0,1.0,3.0,0.0,0.0,0.0,0.0,0.0,0.0,1.0,0.0,0.0,0.0,1.0,0.0,0.0,0.0,0.0,0.0,0.0,0.0,0.6617647058823529,0.07352941176470588,0.0,0.0,0.2647058823529412,0.0,0.0,0.06666666666666667,0.0,0.0,0.0,0.0,0.9333333333333333,0.0,0.0,0.0,0.0,0.0,0.0,0.0,0.0,0.0,0.0,0.0,0.75,0.0,0.0,0.0,0.25,0.0
41,11512,11538,CCCCCTGACAAAACACATAGCCTACCC,"[11526, 11534, 11535]",ATA,2,0.0,0.0,1.0,0.0,2.0,0.0,0.0,0.0,0.0,0.0,0.0,0.0,0.0,0.0,0.0,"[11512, 11513, 11514, 11515, 11516, 11525, 11527, 11532, 11533, 11536, 11537, 11538]",CCCCCCCCCCCC,0.0,12,0,0.0,0.0,0.0,0,0.0,0.0,1.0,0,0,0,0,0.0,0,11509.0,11512.0,CAA,2.0,1.0,0.0,0.0,0.0,0.0,0.0,0.0,0.0,1.0,0.0,0.0,0.0,0.0,0.0,0.0,11538.0,11541.0,CCT,0.0,2.0,0.0,1.0,0.0,0.0,0.0,0.0,0.0,0.0,0.0,0.0,0.0,0.0,0.0,0.0,0.0,1.0,0.0,0.0,0.0,0.0,0.0,0.0,0.0,0.0,0.0,0.0,0.0,0.0,0.0,0.0,0.0,1.0,0.0,0.0,0.0,0.0,0.0,0.0,0.0,0.0,0.0,0.0,0.0,0.0,0.0,0.0,0.0,0.0,0.0,0.0
42,11643,11677,CCCTCGTAGTAACAGCCATTCTCATCCAAACCCCC,"[11646, 11647, 11648, 11649, 11650, 11651, 11652, 11653, 11654, 11655, 11656, 11657, 11664]",TCGTAGTAACAGT,4,2.0,3.0,4.0,0.0,0.0,0.0,0.0,0.0,0.0,2.0,0.0,0.0,0.0,5.0,0.0,"[11643, 11644, 11645, 11658, 11659, 11663, 11665, 11673, 11674, 11675, 11676, 11677]",CCCCCCCCCCCC,0.0,12,0,0.0,0.0,0.0,0,2.0,0.0,2.0,0,0,0,0,0.0,0,11630.0,11643.0,ATCAGCCACATAG,5.0,4.0,2.0,2.0,0.0,0.0,0.0,0.0,0.0,0.0,12.0,1.0,0.0,0.0,1.0,0.0,11677.0,11690.0,CTGAAGCTTCACC,3.0,5.0,2.0,3.0,0.0,0.0,0.0,0.0,0.0,1.0,1.0,0.0,0.0,0.0,0.0,0.0,0.0,0.0,0.0,0.0,0.0,0.0,0.34782608695652173,0.0,0.0,0.0,0.6521739130434783,0.0,0.0,0.0,0.0,0.0,0.0,0.0,0.8571428571428571,0.07142857142857142,0.0,0.0,0.07142857142857142,0.0,0.0,0.0,0.0,0.0,0.0,0.28571428571428575,0.7142857142857143,0.0,0.0,0.0,0.0,0.0
43,12018,12065,CCCACCACATTAACAACATAAAACCCTCATTCACACGAGAAAACACCC,"[12021, 12032, 12033, 12034, 12035, 12036, 12037, 12038, 12039, 12040, 12044, 12045, 12046, 12047, 12048, 12049, 12050, 12051, 12052, 12053, 12054, 12055, 12056, 12057, 12058, 12059, 12060, 12061, 12062]",AAACATAAAATCATTCACACGAGAAAACA,17,6.0,2.0,4.0,1.0,1.0,2.0,2.0,0.0,1.0,4.0,0.0,0.0,0.0,1.0,0.0,"[12018, 12019, 12020, 12022, 12023, 12031, 12041, 12042, 12043, 12063, 12064, 12065]",CCCCCCCCCCCC,0.0,12,0,0.0,0.0,0.0,0,0.0,0.0,1.0,0,0,0,0,0.0,0,11989.0,12018.0,ATTTACCACAACACAATGGGGCTCACTCA,10.0,9.0,4.0,6.0,0.0,1.0,0.0,0.0,0.0,0.0,4.0,0.0,0.0,1.0,1.0,0.0,,,,,,,,,,,,,,,,,,,,0.019704433497536946,0.019704433497536946,0.03940886699507389,0.11165845648604268,0.0,0.05582922824302134,0.6699507389162561,0.0,0.0,0.0,0.08374384236453201,0.0,0.0,0.06976744186046512,0.0,0.0,0.0,0.0,0.6976744186046511,0.0,0.0,0.11627906976744183,0.11627906976744183,0.0,,,,,,,,,,,,
44,12084,12115,CCCCCATTCTCCTCCTATCCCTCAACCCCGAC,"[12089, 12090, 12091, 12092, 12093, 12099, 12100, 12101, 12107, 12108]",ATTCTTATAA,4,1.0,0.0,5.0,0.0,0.0,0.0,0.0,0.0,0.0,0.0,0.0,0.0,0.0,4.0,0.0,"[12084, 12085, 12086, 12087, 12088, 12094, 12095, 12096, 12097, 12098, 12102, 12103, 12104, 12105, 12106, 12109, 12110, 12111, 12112, 12115]",CCCCCCCTCCCCCTCCCCCC,0.0,18,0,2.0,0.0,0.0,0,0.0,0.0,1.0,0,0,0,0,0.0,0,12074.0,12084.0,ATACACCTAT,4.0,3.0,0.0,3.0,0.0,0.0,0.0,0.0,0.0,0.0,0.0,0.0,0.0,0.0,1.0,0.0,12115.0,12125.0,CATCATTACC,3.0,4.0,0.0,3.0,0.0,0.0,0.0,0.0,0.0,0.0,0.0,0.0,0.0,0.0,2.0,0.0,0.0,0.0,0.0,0.0,0.0,0.0,0.0,0.0,0.0,0.0,1.0,0.0,0.0,0.0,0.0,0.0,0.0,0.0,0.0,0.0,0.0,0.0,1.0,0.0,0.0,0.0,0.0,0.0,0.0,0.0,0.0,0.0,0.0,0.0,1.0,0.0
45,12359,12403,CCACCCTAACCCTGACTTCCCTAATTCCCCCCATCCTTACCACCC,"[12365, 12366, 12367, 12368, 12380, 12381, 12382, 12383, 12384, 12385, 12391, 12392]",TAACTAATTCAT,5,2.0,0.0,5.0,0.0,1.0,1.0,0.0,0.0,2.0,0.0,0.0,0.0,0.0,1.0,0.0,"[12359, 12360, 12362, 12363, 12364, 12369, 12370, 12377, 12378, 12379, 12386, 12387, 12388, 12389, 12390, 12393, 12394, 12401, 12402, 12403]",CCCCCCCCCCCCCCCCCCCC,0.0,20,0,0.0,0.0,0.0,0,0.0,0.0,3.0,0,0,0,0,0.0,0,12347.0,12359.0,ACACTACTATAA,6.0,3.0,0.0,3.0,0.0,0.0,0.0,0.0,0.0,0.0,0.0,0.0,0.0,0.0,1.0,0.0,12403.0,12415.0,CTCGTTAACCCT,2.0,5.0,1.0,4.0,0.0,0.0,0.0,0.0,0.0,0.0,2.0,0.0,0.0,0.0,1.0,0.0,0.0,0.12500000000000003,0.12500000000000003,0.0,0.0,0.625,0.0,0.0,0.0,0.0,0.12500000000000003,0.0,0.0,0.0,0.0,0.0,0.0,0.0,0.0,0.0,0.0,0.0,1.0,0.0,0.0,0.0,0.0,0.0,0.0,0.0,0.8888888888888888,0.0,0.0,0.0,0.1111111111111111,0.0
46,12542,12568,CCACAACCCAAACAACCCAGCTCTCCC,"[12546, 12547, 12551, 12552, 12553, 12554, 12555, 12556, 12560, 12561, 12562, 12563, 12564, 12565]",AAAAACAAAGCTCT,8,3.0,1.0,2.0,1.0,1.0,0.0,0.0,0.0,0.0,2.0,0.0,0.0,0.0,0.0,0.0,"[12542, 12543, 12545, 12548, 12549, 12550, 12557, 12558, 12559, 12566, 12567, 12568]",CCCCCCCCCCCC,0.0,12,0,0.0,0.0,0.0,0,1.0,0.0,0.0,0,0,0,0,0.0,0,12528.0,12542.0,GAACTGACACTGAG,5.0,3.0,4.0,2.0,0.0,0.0,0.0,0.0,0.0,0.0,6.0,1.0,0.0,0.0,0.0,0.0,12568.0,12582.0,CTAAGCTTCAAACT,5.0,4.0,1.0,4.0,0.0,0.0,0.0,0.0,0.0,0.0,2.0,0.0,0.0,0.0,1.0,0.0,0.05555555555555555,0.05555555555555555,0.0,0.0,0.0,0.0,0.8888888888888888,0.0,0.0,0.0,0.0,0.0,0.0,0.0,0.0,0.0,0.0,0.0,0.8571428571428571,0.14285714285714285,0.0,0.0,0.0,0.0,0.0,0.0,0.0,0.0,0.0,0.0,0.8888888888888888,0.0,0.0,0.0,0.1111111111111111,0.0
47,12927,12971,CCCACAACAAATAGCCCTTCTAAACGCTAATCCAAGCCTCACCCC,"[12935, 12936, 12937, 12938, 12939, 12940, 12952, 12953, 12954, 12955, 12956, 12957, 12965, 12966, 12967]",AAATAGGCTAATTCA,7,2.0,2.0,4.0,0.0,1.0,0.0,0.0,0.0,0.0,4.0,0.0,0.0,0.0,2.0,0.0,"[12927, 12928, 12929, 12934, 12941, 12942, 12943, 12951, 12958, 12959, 12963, 12964, 12968, 12969, 12970, 12971]",CCCCCCCCCCCCCCCC,0.0,16,0,0.0,0.0,0.0,0,0.0,0.0,0.0,0,0,0,0,0.0,0,12912.0,12927.0,CTCCAACTCATGAGA,5.0,5.0,2.0,3.0,0.0,1.0,0.0,0.0,0.0,0.0,2.0,0.0,0.0,0.0,2.0,0.0,12971.0,12986.0,CACTACTAGGCCTCC,3.0,7.0,2.0,3.0,0.0,1.0,0.0,0.0,0.0,3.0,0.0,1.0,0.0,0.0,1.0,0.0,0.0,0.05405405405405405,0.0,0.0,0.0,0.0,0.7567567567567568,0.0,0.0,0.0,0.1891891891891892,0.0,0.0,0.10714285714285715,0.0,0.0,0.0,0.0,0.5357142857142857,0.0,0.0,0.0,0.3571428571428571,0.0,0.0,0.208955223880597,0.0,0.0,0.0,0.26865671641791045,0.0,0.31343283582089554,0.0,0.0,0.208955223880597,0.0
48,13026,13061,CCCCTGACTCCCCTCAGCCATAGAAGGCCCCACCCC,"[13030, 13031, 13032, 13033, 13034, 13039, 13040, 13041, 13042, 13043, 13044, 13045, 13046, 13047, 13048, 13049, 13050, 13051, 13052, 13057]",TGACTTCAGCCATAGAAGGA,7,4.0,5.0,4.0,0.0,0.0,0.0,0.0,0.0,1.0,16.0,0.0,0.0,0.0,1.0,0.0,"[13026, 13027, 13028, 13029, 13035, 13036, 13037, 13038, 13053, 13054, 13055, 13056, 13058, 13059, 13060, 13061]",CCCCCCCCCCCCCCCC,0.0,16,0,0.0,0.0,0.0,0,0.0,0.0,3.0,0,0,0,0,0.0,0,13006.0,13026.0,TCAGCCCAATTAGGTCTCCA,5.0,7.0,3.0,5.0,0.0,0.0,0.0,1.0,0.0,1.0,0.0,0.0,0.0,0.0,1.0,0.0,13061.0,13081.0,CAGTCTCAGCCCTACTCCAC,4.0,10.0,2.0,4.0,0.0,1.0,1.0,0.0,0.0,1.0,12.0,0.0,0.0,0.0,1.0,0.0,0.0,0.0,0.0,0.0,0.0,0.06756756756756756,0.8648648648648649,0.0,0.0,0.0,0.06756756756756756,0.0,0.0,0.0,0.0,0.29411764705882354,0.0,0.29411764705882354,0.0,0.0,0.0,0.0,0.411764705882353,0.0,0.0,0.03649635036496351,0.03649635036496351,0.0,0.0,0.014598540145985403,0.8759124087591241,0.0,0.0,0.0,0.03649635036496351,0.0
49,13122,13148,CTTCCACCCCCTAGCAGAAAATAGCCC,"[13127, 13137, 13138, 13139, 13140, 13141, 13142, 13143, 13144, 13145]",AAGAAAATAG,7,0.0,2.0,1.0,0.0,1.0,0.0,0.0,0.0,0.0,3.0,0.0,0.0,0.0,0.0,0.0,"[13122, 13125, 13126, 13128, 13129, 13130, 13131, 13132, 13136, 13146, 13147, 13148]",CCCCCCCCCCCC,0.0,12,0,0.0,0.0,0.0,0,0.0,0.0,5.0,0,0,0,0,0.0,0,13112.0,13122.0,TACTCATCCG,2.0,4.0,1.0,3.0,0.0,0.0,0.0,0.0,0.0,0.0,5.0,0.0,1.0,0.0,0.0,0.0,13148.0,13158.0,CACTAATCCA,4.0,4.0,0.0,2.0,0.0,0.0,0.0,0.0,0.0,1.0,0.0,0.0,0.0,0.0,3.0,0.0,0.0,0.08695652173913043,0.0,0.0,0.0,0.0,0.9130434782608696,0.0,0.0,0.0,0.0,0.0,0.0,0.0,0.0,0.0,0.0,0.0,0.8333333333333334,0.0,0.16666666666666666,0.0,0.0,0.0,0.0,0.0,0.0,0.0,0.0,0.14285714285714285,0.0,0.0,0.0,0.0,0.8571428571428571,0.0
50,13647,13695,CCCCACCCTTACTAACATTAACGAAAATAACCCCACCCTACTAAACCCC,"[13651, 13663, 13664, 13665, 13666, 13667, 13668, 13669, 13670, 13671, 13672, 13673, 13674, 13675, 13676, 13681, 13682, 13683, 13684, 13685, 13686, 13687, 13688, 13689, 13690, 13691]",AATTAACGAAAATAAACCCTACTAAA,15,5.0,1.0,5.0,1.0,1.0,1.0,0.0,0.0,0.0,1.0,0.0,0.0,0.0,2.0,0.0,"[13647, 13648, 13649, 13650, 13652, 13653, 13654, 13662, 13677, 13678, 13679, 13680, 13692, 13693, 13694, 13695]",CCCCCCCCCCCCCCCC,0.0,16,0,0.0,0.0,0.0,0,1.0,0.0,5.0,0,0,0,0,0.0,0,13621.0,13647.0,CTCACCCTAACAGGTCAACCTCGCTT,6.0,11.0,3.0,6.0,0.0,0.0,0.0,0.0,0.0,0.0,5.0,0.0,0.0,0.0,5.0,0.0,13695.0,13721.0,CATTAAACGCCTGGCAGCCGGAAGCC,7.0,9.0,7.0,3.0,0.0,1.0,0.0,0.0,0.0,1.0,14.0,1.0,1.0,0.0,2.0,0.0,0.041666666666666664,0.041666666666666664,0.041666666666666664,0.0,0.0,0.0,0.625,0.0,0.0,0.0,0.25,0.0,0.0,0.0,0.0,0.0,0.0,0.0,0.6666666666666667,0.0,0.0,0.0,0.33333333333333337,0.0,0.0,0.04455445544554456,0.0,0.0,0.0,0.034653465346534656,0.6237623762376239,0.04455445544554456,0.04455445544554456,0.0,0.20792079207920794,0.0
51,13755,13785,CCCCGCATCCCCCTTCCAAACAACAATCCCC,"[13759, 13772, 13773, 13774, 13775, 13776, 13777, 13778, 13779, 13780, 13781]",GAAACAACAAT,7,2.0,1.0,1.0,0.0,1.0,0.0,0.0,0.0,1.0,3.0,0.0,0.0,0.0,0.0,0.0,"[13755, 13756, 13757, 13758, 13760, 13763, 13764, 13765, 13766, 13767, 13770, 13771, 13782, 13783, 13784, 13785]",CCCCCCCCCCCCCCCC,0.0,16,0,0.0,0.0,0.0,0,1.0,0.0,4.0,0,0,0,0,0.0,0,13744.0,13755.0,AACAACATTTC,5.0,3.0,0.0,3.0,0.0,0.0,0.0,0.0,0.0,0.0,0.0,0.0,0.0,0.0,2.0,0.0,13785.0,13796.0,CCTCTACCTAA,3.0,5.0,0.0,3.0,0.0,0.0,0.0,0.0,0.0,1.0,0.0,0.0,0.0,0.0,2.0,0.0,0.0,0.0392156862745098,0.0,0.0,0.0,0.13725490196078433,0.8235294117647058,0.0,0.0,0.0,0.0,0.0,0.0,0.0,0.0,0.0,0.0,0.0,0.0,0.0,0.0,0.0,1.0,0.0,0.0,0.0,0.0,0.0,0.0,0.23076923076923078,0.0,0.0,0.0,0.0,0.7692307692307692,0.0
52,13947,13993,CCCCTATCTAGGCCTTCTTACGAGCCAAAACCTGCCCCTACTCCTCC,"[13951, 13952, 13953, 13954, 13955, 13956, 13957, 13958, 13959, 13960, 13961, 13962, 13963, 13964, 13965, 13966, 13967, 13968, 13969, 13970, 13979, 13980, 13985, 13986, 13987, 13988]",TATCTAGGCCTTCTTACGAGTGTACT,5,6.0,5.0,10.0,0.0,0.0,1.0,0.0,0.0,0.0,8.0,0.0,0.0,0.0,7.0,0.0,"[13947, 13948, 13949, 13950, 13971, 13972, 13977, 13978, 13981, 13982, 13983, 13984, 13989, 13990, 13992, 13993]",CCCCCCCCCCCCCCCC,0.0,16,0,0.0,0.0,0.0,0,0.0,0.0,3.0,0,0,0,0,0.0,0,13921.0,13947.0,TACCCTAGCATCACACACCGCACAAT,9.0,11.0,2.0,4.0,0.0,1.0,0.0,1.0,0.0,1.0,9.0,0.0,0.0,0.0,2.0,0.0,13993.0,14019.0,CTAGACCTAACCTGACTAGAAAAGCT,10.0,7.0,4.0,5.0,0.0,5.0,0.0,0.0,0.0,0.0,2.0,1.0,0.0,0.0,4.0,0.0,0.0,0.0,0.08,0.0,0.0,0.0,0.64,0.0,0.0,0.0,0.27999999999999997,0.0,0.0,0.020992366412213737,0.0,0.01717557251908397,0.0,0.01717557251908397,0.8501908396946565,0.0,0.0,0.0,0.09446564885496182,0.0,0.0,0.24390243902439027,0.0,0.0,0.0,0.0,0.24390243902439027,0.12195121951219513,0.0,0.0,0.39024390243902446,0.0
53,14115,14137,CCCACTCATCCTAACCCTACTCC,"[14118, 14126, 14127, 14128, 14132, 14133]",ATAATA,4,0.0,0.0,2.0,0.0,0.0,0.0,0.0,0.0,0.0,0.0,0.0,0.0,0.0,6.0,0.0,"[14115, 14116, 14117, 14119, 14124, 14125, 14129, 14130, 14131, 14134, 14136, 14137]",CCCCCCCCCCCC,0.0,12,0,0.0,0.0,0.0,0,0.0,0.0,0.0,0,0,0,0,0.0,0,14109.0,14115.0,CTTCTT,0.0,2.0,0.0,4.0,0.0,0.0,0.0,0.0,0.0,1.0,0.0,0.0,0.0,0.0,2.0,0.0,14137.0,14143.0,CTAATC,2.0,2.0,0.0,2.0,0.0,0.0,0.0,0.0,0.0,1.0,0.0,0.0,0.0,0.0,1.0,0.0,0.0,0.0,0.0,0.0,0.0,0.0,0.0,0.0,0.0,0.0,1.0,0.0,0.0,0.0,0.0,0.0,0.0,0.5,0.0,0.0,0.0,0.0,0.5,0.0,0.0,0.0,0.0,0.0,0.0,0.5,0.0,0.0,0.0,0.0,0.5,0.0
54,14245,14284,CCCCGCACCAATAGGATCCTCCCGAATCAACCCTGACCCC,"[14249, 14250, 14251, 14252, 14253, 14254, 14255, 14256, 14257, 14258, 14259, 14260, 14261, 14278, 14279, 14280]",GCACCAATAGGATTGA,6,3.0,4.0,3.0,1.0,0.0,0.0,0.0,0.0,0.0,13.0,1.0,0.0,0.0,2.0,0.0,"[14245, 14246, 14247, 14248, 14262, 14263, 14265, 14266, 14267, 14275, 14276, 14277, 14281, 14282, 14283, 14284]",CCCCCCCCCCCCCCCC,0.0,16,0,0.0,0.0,0.0,0,0.0,0.0,0.0,0,0,0,0,0.0,0,14229.0,14245.0,CATAATCATACAAAGC,8.0,4.0,1.0,3.0,0.0,1.0,0.0,0.0,0.0,0.0,2.0,0.0,0.0,0.0,1.0,0.0,14284.0,14300.0,CTCTCCTTCATAAATT,4.0,5.0,0.0,7.0,0.0,0.0,0.0,0.0,0.0,0.0,0.0,0.0,0.0,0.0,7.0,0.0,0.038461538461538464,0.0,0.0,0.0,0.0,0.0,0.75,0.057692307692307696,0.0,0.0,0.15384615384615385,0.0,0.0,0.05084745762711864,0.0,0.0,0.0,0.0,0.8135593220338982,0.0,0.0,0.0,0.13559322033898302,0.0,0.0,0.0,0.0,0.0,0.0,0.0,0.0,0.0,0.0,0.0,1.0,0.0
55,14334,14373,CCACCACCCCATCATACTCTTTCACCCACAGCACCAATCC,"[14339, 14344, 14345, 14346, 14347, 14348, 14349, 14361, 14362, 14363, 14364, 14365, 14366]",AATCATAACAGCA,7,3.0,1.0,2.0,0.0,0.0,1.0,0.0,0.0,1.0,1.0,0.0,0.0,0.0,3.0,0.0,"[14334, 14335, 14337, 14338, 14340, 14341, 14342, 14343, 14350, 14358, 14359, 14360, 14367, 14368, 14372, 14373]",CCCCCCCCCCCCCCCC,0.0,16,0,0.0,0.0,0.0,0,0.0,0.0,1.0,0,0,0,0,0.0,0,14321.0,14334.0,AAGTTTACCACAA,6.0,3.0,1.0,3.0,0.0,1.0,0.0,0.0,0.0,0.0,2.0,0.0,0.0,0.0,0.0,0.0,14373.0,14386.0,CTACCTCCATCGC,2.0,7.0,1.0,3.0,0.0,0.0,0.0,0.0,0.0,0.0,0.0,0.0,0.0,0.0,1.0,1.0,0.0,0.0,0.047999999999999994,0.0,0.0,0.11199999999999999,0.33599999999999997,0.0,0.0,0.0,0.504,0.0,0.0,0.07692307692307693,0.0,0.0,0.0,0.0,0.9230769230769231,0.0,0.0,0.0,0.0,0.0,0.0,0.0,0.0,0.0,0.0,0.0,0.0,0.0,0.0,0.0,0.5,0.5
56,14389,14428,CCCCACTAAAACACTCACCAAGACCTCAACCCCTGACCCC,"[14393, 14394, 14395, 14396, 14397, 14398, 14399, 14400, 14401, 14402, 14403, 14404, 14405, 14414, 14415, 14416, 14417, 14422, 14423, 14424]",ACTAAAACACTCATCAATGA,10,5.0,1.0,4.0,0.0,0.0,0.0,0.0,0.0,0.0,1.0,0.0,0.0,0.0,3.0,0.0,"[14389, 14390, 14391, 14392, 14406, 14407, 14412, 14413, 14418, 14419, 14420, 14421, 14425, 14426, 14427, 14428]",CCCCCCCCCCCCCCCC,0.0,16,0,0.0,0.0,0.0,0,0.0,0.0,1.0,0,0,0,0,0.0,0,,,,,,,,,,,,,,,,,,,,14428.0,14448.0,CCATGCCTCAGGATACTCCT,4.0,8.0,3.0,5.0,0.0,1.0,0.0,1.0,0.0,1.0,4.0,0.0,0.0,0.0,8.0,0.0,0.0,0.0,0.0,0.0,0.0,0.0,0.5714285714285714,0.0,0.0,0.0,0.42857142857142855,0.0,,,,,,,,,,,,,0.0,0.07281553398058252,0.0,0.03640776699029126,0.0,0.03640776699029126,0.38834951456310673,0.0,0.0,0.0,0.46601941747572817,0.0
57,14490,14535,CCCCTAAATAAATTAAAAAAACTATTAAACCCATATAACCTCCCCC,"[14494, 14495, 14496, 14497, 14498, 14499, 14500, 14501, 14502, 14503, 14504, 14505, 14506, 14507, 14508, 14509, 14510, 14522, 14523, 14524, 14525, 14526, 14527]",TAAATAAATTAAAAAAAATATAA,17,0.0,0.0,6.0,0.0,1.0,1.0,0.0,0.0,0.0,0.0,0.0,0.0,0.0,7.0,0.0,"[14490, 14491, 14492, 14493, 14511, 14519, 14520, 14521, 14528, 14529, 14530, 14531, 14532, 14533, 14534, 14535]",CCCCCCCCCCTCCCCC,0.0,15,0,1.0,0.0,0.0,0,0.0,0.0,1.0,0,0,0,0,0.0,0,14467.0,14490.0,ATATCCAAAGACAACCATCATTC,10.0,7.0,1.0,5.0,0.0,0.0,0.0,0.0,0.0,0.0,0.0,0.0,0.0,0.0,6.0,0.0,,,,,,,,,,,,,,,,,,,,0.0,0.045801526717557245,0.045801526717557245,0.0,0.0,0.0,0.0,0.0,0.0,0.0,0.9083969465648855,0.0,0.0,0.0,0.0,0.0,0.0,0.0,0.0,0.0,0.0,0.0,1.0,0.0,,,,,,,,,,,,
58,14557,14592,CCCGACCACACCGCTAACAATCAATACTAAACCCCC,"[14560, 14561, 14571, 14572, 14573, 14574, 14575, 14576, 14577, 14578, 14579, 14580, 14581, 14582]",GATAACAATCAATA,8,2.0,1.0,3.0,0.0,1.0,0.0,0.0,0.0,0.0,5.0,0.0,0.0,0.0,0.0,0.0,"[14557, 14558, 14559, 14562, 14563, 14570, 14583, 14588, 14589, 14590, 14591, 14592]",CCCCCCCCCCCC,0.0,12,0,0.0,0.0,0.0,0,0.0,0.0,0.0,0,0,0,0,0.0,0,14543.0,14557.0,AGAATAATAACACA,9.0,2.0,1.0,2.0,0.0,1.0,0.0,0.0,0.0,0.0,1.0,0.0,0.0,0.0,1.0,0.0,14592.0,14606.0,CATAAATAGGAGAA,8.0,1.0,3.0,2.0,0.0,1.0,0.0,0.0,0.0,0.0,7.0,0.0,0.0,0.0,0.0,0.0,0.0,0.024390243902439025,0.0,0.0,0.0,0.0,0.975609756097561,0.0,0.0,0.0,0.0,0.0,0.0,0.06896551724137931,0.0,0.0,0.0,0.0,0.6206896551724138,0.0,0.0,0.0,0.3103448275862069,0.0,0.0,0.05084745762711864,0.0,0.0,0.0,0.0,0.9491525423728814,0.0,0.0,0.0,0.0,0.0
59,14620,14644,CCCCACAAACCCCATTACTAAACCC,"[14626, 14627, 14628, 14629, 14633, 14634, 14635, 14636, 14637, 14638, 14639, 14640, 14641]",AAACATTACTAAA,8,2.0,0.0,3.0,0.0,1.0,0.0,1.0,0.0,1.0,0.0,0.0,0.0,0.0,2.0,0.0,"[14620, 14621, 14622, 14623, 14624, 14625, 14630, 14631, 14632, 14642, 14643, 14644]",CCCCACCCCCCC,1.0,11,0,0.0,1.0,0.0,0,0.0,0.0,2.0,0,0,0,0,0.0,0,14607.0,14620.0,GCTTAGAAGAAAA,7.0,1.0,3.0,2.0,1.0,0.0,0.0,0.0,0.0,0.0,2.0,0.0,0.0,0.0,0.0,0.0,14644.0,14657.0,CACACTCAACAGA,6.0,5.0,1.0,1.0,0.0,2.0,0.0,0.0,0.0,1.0,0.0,0.0,0.0,0.0,1.0,0.0,0.0,0.06976744186046512,0.0,0.27906976744186046,0.0,0.27906976744186046,0.0,0.0,0.0,0.0,0.37209302325581395,0.0,0.1764705882352941,0.0,0.0,0.0,0.0,0.0,0.8235294117647058,0.0,0.0,0.0,0.0,0.0,0.0,0.21739130434782608,0.0,0.0,0.0,0.13043478260869568,0.0,0.0,0.0,0.0,0.6521739130434783,0.0
60,14771,14817,CCCCTAATAAAATTAATTAACCACTCATTCATCGACCTCCCCACCCC,"[14775, 14776, 14777, 14778, 14779, 14780, 14781, 14782, 14783, 14784, 14785, 14786, 14787, 14788, 14789, 14790, 14795, 14796, 14797, 14798, 14799, 14800, 14801, 14802, 14803, 14804, 14805, 14806, 14807, 14808, 14813]",TAATAAAATTAATTAATCATTCATCGACCTA,14,5.0,1.0,11.0,0.0,1.0,0.0,0.0,0.0,0.0,5.0,0.0,0.0,0.0,9.0,0.0,"[14771, 14772, 14773, 14774, 14791, 14792, 14793, 14794, 14809, 14810, 14811, 14812, 14814, 14815, 14816, 14817]",CCCCCCACCCCCCCCC,1.0,15,0,0.0,1.0,0.0,0,0.0,0.0,2.0,0,0,0,0,0.0,0,14740.0,14771.0,AACACCAATGACCCCAATACGCAAAACTAAC,15.0,11.0,2.0,3.0,0.0,1.0,0.0,0.0,0.0,0.0,5.0,0.0,0.0,0.0,0.0,0.0,14817.0,14848.0,CATCCAACATCTCCGCATGATGAAACTTCGG,9.0,10.0,5.0,7.0,0.0,0.0,0.0,0.0,0.0,0.0,22.0,0.0,0.0,0.0,4.0,0.0,0.0,0.012127894156560088,0.0,0.0,0.0,0.0,0.8489525909592062,0.0,0.0,0.0,0.13891951488423374,0.0,0.0,0.025974025974025972,0.0,0.0,0.0,0.0,0.9740259740259739,0.0,0.0,0.0,0.0,0.0,0.0,0.0,0.0,0.0,0.0,0.0,0.8850574712643678,0.0,0.0,0.0,0.11494252873563217,0.0
61,15368,15415,CCCCTAGGAATCACCTCCCATTCCGATAAAATCACCTTCCACCCTTAC,"[15372, 15373, 15374, 15375, 15376, 15377, 15378, 15379, 15380, 15392, 15393, 15394, 15395, 15396, 15397, 15398, 15399, 15400, 15401, 15408]",TAGGAATCAGATAAAATCAA,11,2.0,3.0,4.0,0.0,2.0,1.0,0.0,0.0,1.0,7.0,0.0,0.0,0.0,1.0,0.0,"[15368, 15369, 15370, 15371, 15381, 15382, 15390, 15391, 15402, 15403, 15406, 15407, 15409, 15410, 15411, 15415]",CCCCCCCCCCCCCCCC,0.0,16,0,0.0,0.0,0.0,0,1.0,0.0,2.0,0,0,0,0,0.0,0,15348.0,15368.0,ACGAAACGGGATCAAACAAC,10.0,5.0,4.0,1.0,0.0,1.0,0.0,0.0,0.0,0.0,9.0,0.0,0.0,0.0,1.0,0.0,15415.0,15435.0,CTACACAATCAAAGACGCCC,8.0,8.0,2.0,2.0,0.0,0.0,0.0,0.0,0.0,1.0,4.0,0.0,0.0,0.0,3.0,0.0,0.0,0.05417607223476298,0.02708803611738149,0.0,0.0,0.14898419864559817,0.6952595936794582,0.0,0.0,0.0,0.07449209932279909,0.0,0.0,0.029850746268656716,0.0,0.0,0.0,0.0,0.6716417910447761,0.0,0.0,0.0,0.29850746268656714,0.0,0.0,0.0,0.0,0.0,0.0,0.034482758620689655,0.5517241379310345,0.0,0.0,0.0,0.41379310344827586,0.0
62,15486,15518,CAGACCTCCTAGGCGACCCAGACAATTATACCC,"[15492, 15500, 15501, 15505, 15506, 15507, 15508, 15509, 15510, 15511, 15512, 15513, 15514, 15515]",TGAAGACAATTATA,7,1.0,2.0,4.0,0.0,0.0,0.0,0.0,0.0,0.0,4.0,0.0,0.0,0.0,1.0,0.0,"[15486, 15490, 15491, 15493, 15494, 15499, 15502, 15503, 15504, 15516, 15517, 15518]",CCCCCCCCCCCC,0.0,12,0,0.0,0.0,0.0,0,1.0,0.0,0.0,0,0,0,0,0.0,0,15472.0,15486.0,AACACTATTCTCAC,5.0,5.0,0.0,4.0,0.0,0.0,0.0,0.0,0.0,0.0,0.0,0.0,0.0,0.0,5.0,0.0,,,,,,,,,,,,,,,,,,,,0.0,0.0,0.0,0.0,0.0,0.0,0.8888888888888888,0.0,0.0,0.0,0.1111111111111111,0.0,0.0,0.0,0.0,0.0,0.0,0.0,0.0,0.0,0.0,0.0,1.0,0.0,,,,,,,,,,,,
63,15526,15556,CCCCTTAAACACCCCTCCCCACATCAAGCCC,"[15530, 15531, 15532, 15533, 15534, 15535, 15536, 15541, 15546]",TTAAACATA,5,1.0,0.0,3.0,0.0,0.0,0.0,0.0,0.0,1.0,0.0,0.0,0.0,0.0,3.0,0.0,"[15526, 15527, 15528, 15529, 15537, 15538, 15539, 15540, 15542, 15543, 15544, 15545, 15547, 15554, 15555, 15556]",CCCCCCCCCCCCCCCC,0.0,16,0,0.0,0.0,0.0,0,0.0,0.0,1.0,0,0,0,0,0.0,0,,,,,,,,,,,,,,,,,,,,15556.0,15565.0,CGAATGATA,4.0,1.0,2.0,2.0,0.0,2.0,0.0,0.0,0.0,0.0,3.0,0.0,0.0,0.0,3.0,0.0,0.0,0.0,0.0,0.0,0.0,0.5,0.0,0.0,0.0,0.0,0.5,0.0,,,,,,,,,,,,,0.0,0.14285714285714285,0.0,0.0,0.0,0.0,0.42857142857142855,0.0,0.0,0.0,0.42857142857142855,0.0
64,15624,15668,CCCTATTACTATCCATCCTCATCCTAGCAATAATCCCCATCCTCC,"[15633, 15634, 15635, 15636, 15637, 15638, 15639, 15648, 15649, 15650, 15651, 15652, 15653, 15654, 15655, 15656, 15657, 15662, 15663]",TATCCATTAGCAATAATAT,8,3.0,1.0,7.0,4.0,1.0,0.0,0.0,1.0,0.0,2.0,0.0,0.0,0.0,5.0,0.0,"[15624, 15625, 15626, 15632, 15640, 15641, 15646, 15647, 15658, 15659, 15660, 15661, 15664, 15665, 15667, 15668]",CCCCCCCCCCCCCCCC,0.0,16,0,0.0,0.0,0.0,0,0.0,0.0,5.0,0,0,0,0,0.0,0,15605.0,15624.0,AAACTAGGAGGCGTCCTTG,5.0,4.0,6.0,4.0,0.0,0.0,0.0,0.0,0.0,0.0,12.0,0.0,0.0,0.0,3.0,0.0,15668.0,15687.0,CATATATCCAAACAACAAA,11.0,5.0,0.0,3.0,0.0,0.0,0.0,0.0,0.0,1.0,0.0,0.0,0.0,0.0,2.0,0.0,0.1361426256077796,0.0340356564019449,0.0,0.0,0.09076175040518639,0.0,0.5445705024311184,0.0,0.0,0.0,0.19448946515397084,0.0,0.0,0.0,0.0,0.0,0.0,0.0,0.7272727272727273,0.0,0.0,0.0,0.2727272727272727,0.0,0.0,0.0,0.0,0.0,0.0,0.23076923076923078,0.0,0.0,0.0,0.0,0.7692307692307692,0.0
65,16159,16193,CATAAAAACCCAATCCACATCAAAACCCCCTCCCC,"[16170, 16171, 16172, 16177, 16178, 16179, 16180, 16181, 16182, 16183, 16184, 16189]",AATATCAAAACT,7,2.0,0.0,3.0,1.0,3.0,0.0,2.0,0.0,4.0,0.0,0.0,0.0,0.0,10.0,0.0,"[16159, 16167, 16168, 16169, 16173, 16174, 16175, 16176, 16185, 16186, 16187, 16188, 16190, 16191, 16192, 16193]",CCCCCCACCCCCCCCC,1.0,15,0,0.0,0.0,2.0,0,4.0,1.0,23.0,0,0,0,0,0.0,0,16147.0,16159.0,CCACCTGTAGTA,3.0,4.0,2.0,3.0,0.0,1.0,0.0,0.0,1.0,28.0,4.0,0.0,0.0,0.0,0.0,0.0,16193.0,16205.0,CATGCTTACAAG,4.0,3.0,2.0,3.0,1.0,1.0,0.0,4.0,0.0,0.0,1.0,0.0,0.0,0.0,1.0,0.0,0.02068965517241379,0.06206896551724137,0.0,0.14482758620689654,0.0,0.28965517241379307,0.0,0.0,0.0,0.0,0.4827586206896552,0.0,0.0,0.034782608695652174,0.0,0.0,0.026086956521739132,0.7304347826086958,0.20869565217391306,0.0,0.0,0.0,0.0,0.0,0.09375,0.09375,0.0,0.5,0.0,0.0,0.1875,0.0,0.0,0.0,0.125,0.0
66,16260,16296,CCCTCACCCACTAGGATACCAACAAACCTACCCACCC,"[16263, 16264, 16265, 16269, 16270, 16271, 16272, 16273, 16274, 16275, 16276, 16277, 16278, 16279, 16280, 16281, 16282, 16283, 16284, 16285, 16286, 16287, 16288, 16289, 16293]",TCAACTAGGATACCAACAAACCTAA,12,7.0,2.0,4.0,0.0,12.0,0.0,0.0,0.0,5.0,1.0,0.0,0.0,0.0,1.0,0.0,"[16260, 16261, 16262, 16266, 16267, 16268, 16290, 16291, 16292, 16294, 16295, 16296]",CCCCCCCCCCCC,0.0,12,0,0.0,0.0,0.0,0,1.0,2.0,32.0,0,0,0,0,0.0,0,16235.0,16260.0,ACATCAACTGCAACTCCAAAGCCAC,10.0,10.0,2.0,3.0,0.0,4.0,0.0,1.0,0.0,10.0,1.0,0.0,0.0,0.0,0.0,0.0,16296.0,16321.0,CTTAACAGTACATAGTACATAAAGC,11.0,5.0,3.0,6.0,0.0,1.0,1.0,0.0,1.0,7.0,2.0,0.0,0.0,0.0,5.0,0.0,0.0,0.40579710144927533,0.0,0.0,0.0,0.2898550724637681,0.20289855072463767,0.0,0.0,0.0,0.10144927536231883,0.0,0.0,0.2,0.0,0.05,0.0,0.5,0.25,0.0,0.0,0.0,0.0,0.0,0.0,0.02770083102493075,0.02770083102493075,0.0,0.06094182825484765,0.4265927977839335,0.20313942751615882,0.0,0.0,0.0,0.25392428439519854,0.0
67,16353,16380,CCCTTCTCGTCCCCATGGATGACCCCCC,"[16356, 16357, 16358, 16359, 16360, 16361, 16362, 16363, 16367, 16368, 16369, 16370, 16371, 16372, 16373, 16374]",TTCTCGTCATGGATGA,3,3.0,4.0,6.0,0.0,0.0,0.0,0.0,0.0,2.0,1.0,0.0,0.0,1.0,9.0,0.0,"[16353, 16354, 16355, 16364, 16365, 16366, 16375, 16376, 16377, 16378, 16379, 16380]",CCCCCCCCCCCC,0.0,12,0,0.0,0.0,0.0,0,3.0,0.0,15.0,0,0,0,0,0.0,0,16337.0,16353.0,CACATTACAGTCAAAT,7.0,4.0,1.0,4.0,0.0,2.0,0.0,0.0,0.0,5.0,0.0,0.0,0.0,0.0,1.0,0.0,16380.0,16396.0,CTCAGATAGGGGTCCC,3.0,5.0,5.0,3.0,0.0,1.0,0.0,0.0,0.0,0.0,33.0,0.0,0.0,0.0,0.0,0.0,0.0,0.0,0.0,0.0,0.0,0.25806451612903225,0.09677419354838711,0.0,0.0,0.06451612903225806,0.5806451612903226,0.0,0.0,0.16,0.0,0.0,0.0,0.7000000000000001,0.0,0.0,0.0,0.0,0.14,0.0,0.0,0.04807692307692308,0.0,0.0,0.0,0.0,0.951923076923077,0.0,0.0,0.0,0.0,0.0
