G4_id,side,positions,sequence,A,C,G,T,A>C,A>G,A>T,C>A,C>G,C>T,G>A,G>C,G>T,T>A,T>C,T>G,number_of_Mut
1,loops,"[300, 301, 302, 307]",AAAC,3,1.0,0.0,0.0,0.0,0.0,0.0,5.0,0.0,0.0,0.0,0.0,0.0,0.0,0.0,0.0,5.0
2,loops,"[357, 358, 359, 360, 361, 372, 373, 374, 379, 380]",AAAAATAAAG,8,0.0,1.0,1.0,0.0,0.0,1.0,0.0,0.0,0.0,0.0,0.0,0.0,0.0,0.0,0.0,1.0
3,loops,"[464, 470, 471, 472, 473, 474, 475, 476, 477, 478, 479, 480, 481, 482, 483, 484, 485, 486, 487, 488, 489, 490, 491, 492, 493, 499]",AATACTACTAATCTCATCAATACAAG,12,6.0,1.0,7.0,0.0,0.0,0.0,0.0,0.0,1.0,2.0,0.0,0.0,0.0,4.0,0.0,7.0
4,loops,"[538, 539, 540, 545, 546, 547, 548, 549, 550, 551, 552, 553, 554, 555, 556, 561, 562, 563, 564, 565, 566, 567]",ATAGAACCAACCAAAAAAGACA,14,5.0,2.0,1.0,0.0,10.0,0.0,0.0,0.0,1.0,17.0,0.0,2.0,0.0,0.0,0.0,30.0
5,loops,"[961, 966, 967, 968, 969, 970, 971, 972, 973, 974, 975, 976, 977, 978, 979, 980, 985, 986, 987, 988, 989, 990, 991, 992, 993, 994, 995, 996, 997, 998]",TAATAAAGCTAAAACTTGAGTTGTAAAAAA,16,2.0,4.0,8.0,0.0,0.0,0.0,0.0,0.0,0.0,10.0,0.0,0.0,0.0,5.0,0.0,15.0
6,loops,"[1686, 1687, 1688, 1694, 1700, 1701, 1702, 1703, 1704, 1705]",AAATTTACTA,5,1.0,0.0,4.0,0.0,1.0,0.0,0.0,0.0,0.0,0.0,0.0,0.0,0.0,3.0,0.0,4.0
7,loops,"[2060, 2061, 2062, 2063, 2064, 2065, 2069, 2070, 2071, 2072, 2073, 2074, 2075, 2076, 2080, 2081, 2082, 2083, 2084, 2085, 2086, 2087, 2088, 2089, 2090, 2091]",ACAGAATCTAAATCTTGTAAATTTAA,12,3.0,2.0,9.0,0.0,5.0,0.0,0.0,0.0,0.0,3.0,0.0,0.0,0.0,5.0,0.0,13.0
8,loops,"[3207, 3208, 3209, 3213, 3217, 3218, 3219, 3220, 3221, 3222, 3223, 3224, 3225, 3226, 3227, 3228, 3229, 3230, 3231, 3232, 3233, 3234, 3235, 3236, 3237, 3238, 3239, 3240, 3241, 3242, 3243, 3244]",ACAAAAGAACAGGGTTTGTTAAGATGGCAGAG,13,3.0,10.0,6.0,0.0,9.0,0.0,0.0,0.0,1.0,10.0,0.0,0.0,0.0,1.0,0.0,21.0
9,loops,"[3488, 3489, 3490, 3491, 3492, 3493, 3494, 3495, 3496, 3508, 3509, 3510, 3511, 3523, 3524, 3525, 3526]",TAAAACCCGATCAACCG,7,6.0,2.0,2.0,0.0,0.0,0.0,0.0,0.0,1.0,5.0,0.0,1.0,0.0,1.0,0.0,8.0
10,loops,"[3572, 3577, 3578, 3579]",TATA,2,0.0,0.0,2.0,0.0,0.0,0.0,0.0,0.0,0.0,0.0,0.0,0.0,0.0,5.0,0.0,5.0
11,loops,"[3873, 3874, 3875, 3876, 3877, 3878, 3879, 3880, 3881, 3882, 3883, 3890, 3891, 3892, 3893, 3898, 3899, 3900, 3901, 3902]",ACTAGCAGAGAGAACTTCGA,8,4.0,5.0,3.0,0.0,3.0,0.0,0.0,0.0,0.0,10.0,0.0,0.0,0.0,4.0,0.0,17.0
12,loops,"[3964, 3965, 3966, 3967, 3971, 3972, 3973, 3974]",TTCGTATT,1,1.0,1.0,5.0,0.0,0.0,0.0,0.0,0.0,0.0,4.0,0.0,0.0,0.0,3.0,0.0,7.0
13,loops,"[4090, 4091, 4092, 4093, 4097, 4098, 4108]",AAGATAT,4,0.0,1.0,2.0,0.0,0.0,0.0,0.0,0.0,0.0,1.0,0.0,0.0,0.0,1.0,0.0,2.0
14,loops,"[4231, 4232, 4233, 4234, 4243, 4244]",ATTAAG,3,0.0,1.0,2.0,0.0,0.0,0.0,0.0,0.0,0.0,3.0,0.0,0.0,0.0,0.0,0.0,3.0
15,loops,"[4366, 4367, 4368, 4369, 4370, 4371, 4372, 4373, 4384, 4385, 4386, 4387, 4388, 4389, 4390]",AAAATTCTTATCACA,7,3.0,0.0,5.0,0.0,0.0,1.0,0.0,0.0,0.0,0.0,0.0,0.0,1.0,1.0,0.0,3.0
16,loops,"[4464, 4465, 4466, 4467, 4468, 4469, 4470, 4471, 4472, 4473, 4474, 4475, 4476, 4480, 4481, 4482, 4486, 4487]",GTACTAATTAATCTGGAA,7,2.0,3.0,6.0,1.0,1.0,0.0,0.0,0.0,0.0,9.0,0.0,0.0,0.0,2.0,0.0,13.0
17,loops,"[4893, 4894, 4895, 4896, 4897, 4907]",ATATAT,3,0.0,0.0,3.0,0.0,0.0,0.0,0.0,0.0,0.0,0.0,0.0,0.0,0.0,2.0,0.0,2.0
18,loops,"[5204, 5205, 5212, 5221, 5222, 5223, 5224, 5225, 5226, 5227, 5228, 5229, 5230, 5231]",ATTTAGGAGGCCTG,3,2.0,5.0,4.0,0.0,1.0,0.0,0.0,0.0,1.0,14.0,1.0,0.0,0.0,3.0,0.0,20.0
19,loops,"[5307, 5319, 5329]",AAT,2,0.0,0.0,1.0,0.0,1.0,0.0,0.0,0.0,0.0,0.0,0.0,0.0,0.0,1.0,0.0,2.0
20,loops,"[5436, 5441, 5442, 5443, 5444, 5445, 5446, 5451, 5452, 5453]",AATTCCTACA,4,3.0,0.0,3.0,0.0,1.0,0.0,0.0,0.0,0.0,0.0,0.0,0.0,0.0,1.0,0.0,2.0
21,loops,"[6425, 6426, 6427, 6428, 6429, 6430, 6431, 6432, 6442, 6443, 6444, 6445, 6446, 6451, 6452, 6453, 6454, 6455, 6456, 6457, 6458, 6459, 6460, 6461, 6462]",TGCCATAAAAACGTCTTCGTCTGAT,7,6.0,4.0,8.0,0.0,2.0,0.0,0.0,0.0,0.0,4.0,0.0,0.0,0.0,1.0,0.0,7.0
22,loops,"[6547, 6548, 6549, 6550, 6551, 6552, 6558, 6559, 6560, 6561, 6562, 6563, 6564, 6565, 6570, 6571, 6572, 6573, 6574, 6575, 6576, 6577, 6578, 6579, 6580, 6581, 6582, 6583]",TCAACATTCTTCGAGCCGGAGGAGGAGA,8,6.0,9.0,5.0,0.0,2.0,0.0,0.0,0.0,2.0,12.0,0.0,1.0,0.0,2.0,0.0,19.0
23,loops,"[7403, 7407, 7408]",ATA,2,0.0,0.0,1.0,4.0,2.0,0.0,0.0,0.0,0.0,0.0,0.0,0.0,0.0,0.0,0.0,6.0
24,loops,"[7814, 7818, 7822, 7823]",GTAT,1,0.0,1.0,2.0,0.0,0.0,0.0,0.0,0.0,0.0,2.0,0.0,0.0,1.0,1.0,0.0,4.0
25,loops,"[7946, 7947, 7948, 7949, 7950, 7951, 7952, 7953, 7954, 7955, 7960, 7961, 7962, 7963, 7964, 7965, 7975, 7976, 7977, 7978, 7979, 7980]",TACATACTTCATTATTAGGCGA,7,4.0,3.0,8.0,0.0,1.0,0.0,1.0,0.0,0.0,9.0,0.0,0.0,0.0,0.0,0.0,11.0
26,loops,"[8271, 8272, 8277, 8278, 8279, 8280]",ACTCTA,2,2.0,0.0,2.0,0.0,0.0,0.0,1.0,0.0,0.0,0.0,0.0,0.0,0.0,7.0,0.0,8.0
27,loops,"[8473, 8477, 8482, 8483, 8484, 8485]",TTAAAG,3,0.0,1.0,2.0,0.0,0.0,0.0,0.0,0.0,0.0,4.0,0.0,0.0,0.0,1.0,0.0,5.0
28,loops,"[8563, 8564, 8565, 8566, 8567, 8576, 8577, 8586, 8587, 8588, 8589, 8590, 8591, 8592, 8593, 8594, 8595, 8596, 8597, 8598, 8599, 8600, 8601, 8602, 8603, 8604]",ACAATTAAGTACTGATCATTCTATTT,9,4.0,2.0,11.0,0.0,1.0,1.0,0.0,0.0,0.0,3.0,0.0,0.0,0.0,4.0,0.0,9.0
29,loops,"[8812, 8823, 8824, 8825, 8826, 8827, 8828, 8829, 8830, 8831, 8832, 8833, 8842, 8843]",ATATAAACCTAGAT,7,2.0,1.0,4.0,0.0,0.0,0.0,0.0,0.0,0.0,3.0,0.0,0.0,0.0,2.0,0.0,5.0
30,loops,"[8918, 8919, 8920, 8921, 8922, 8923, 8928, 8929, 8930, 8931, 8936, 8937, 8938, 8939]",AAGGCATACATTAT,6,2.0,2.0,4.0,0.0,0.0,1.0,0.0,0.0,0.0,3.0,0.0,0.0,0.0,2.0,0.0,6.0
31,loops,"[9246, 9247, 9251, 9252, 9253, 9254, 9255, 9259, 9260, 9261, 9262, 9263, 9264, 9265, 9266, 9267]",AGATGACTAACAGGGG,6,2.0,6.0,2.0,0.0,0.0,0.0,0.0,0.0,0.0,14.0,0.0,0.0,0.0,0.0,0.0,14.0
32,loops,"[9538, 9539, 9540, 9541, 9542, 9543, 9544, 9545, 9546, 9547, 9548, 9549, 9550, 9551, 9552, 9553, 9554, 9560, 9561, 9562, 9563, 9564, 9565]",AATTAGGAGGGCACTGGAACAGG,8,3.0,9.0,3.0,2.0,1.0,0.0,0.0,0.0,0.0,10.0,2.0,0.0,0.0,0.0,0.0,15.0
33,loops,"[9586, 9587, 9588, 9589, 9590, 9591, 9592, 9596, 9597, 9598, 9606]",TAGAAGTACTA,5,1.0,2.0,3.0,0.0,0.0,0.0,0.0,0.0,0.0,2.0,0.0,0.0,0.0,0.0,0.0,2.0
34,loops,"[10187, 10188, 10189, 10190, 10191, 10192, 10193, 10197, 10201, 10202, 10203, 10204]",TATATCCGGCGT,2,3.0,3.0,4.0,0.0,0.0,0.0,0.0,0.0,0.0,12.0,0.0,0.0,0.0,0.0,0.0,12.0
35,loops,"[10270, 10282, 10283, 10284, 10285, 10286, 10287, 10288, 10289, 10290]",TTACCATGAG,3,2.0,2.0,3.0,0.0,1.0,0.0,0.0,0.0,0.0,3.0,0.0,0.0,0.0,0.0,0.0,4.0
36,loops,"[10615, 10616, 10617, 10618, 10619, 10620, 10624, 10625, 10626, 10630]",TCAACAACTT,4,3.0,0.0,3.0,0.0,0.0,0.0,0.0,0.0,0.0,0.0,0.0,0.0,0.0,3.0,1.0,4.0
37,loops,"[10925, 10926, 10927, 10928, 10934, 10935, 10941, 10942, 10943, 10944, 10945, 10946]",TTTTGATAACAA,5,1.0,1.0,5.0,0.0,0.0,0.0,0.0,0.0,0.0,1.0,0.0,0.0,0.0,0.0,0.0,1.0
38,loops,"[10977, 10978, 10983, 10984, 10985, 10986, 10987, 10988, 10989, 10990, 10991, 10992, 10993, 10994, 10995, 10996, 10997, 10998, 11007, 11008, 11009, 11010, 11011, 11012]",TATCACAATCATGGCAAGACTTAT,9,5.0,3.0,7.0,0.0,0.0,0.0,0.0,0.0,0.0,4.0,0.0,0.0,0.0,3.0,0.0,7.0
39,loops,"[11144, 11156, 11157, 11158, 11159]",AATCA,3,1.0,0.0,1.0,0.0,0.0,0.0,0.0,0.0,0.0,0.0,0.0,0.0,0.0,2.0,0.0,2.0
40,loops,"[11216, 11220, 11221, 11222, 11223, 11224, 11225, 11226, 11227, 11228, 11232, 11233]",ATAGTAGGCTTT,3,1.0,3.0,5.0,0.0,0.0,0.0,0.0,0.0,0.0,9.0,1.0,0.0,0.0,6.0,0.0,16.0
41,loops,"[11526, 11534, 11535]",ATA,2,0.0,0.0,1.0,0.0,2.0,0.0,0.0,0.0,0.0,0.0,0.0,0.0,0.0,0.0,0.0,2.0
42,loops,"[11646, 11647, 11648, 11649, 11650, 11651, 11652, 11653, 11654, 11655, 11656, 11657, 11664]",TCGTAGTAACAGT,4,2.0,3.0,4.0,0.0,0.0,0.0,0.0,0.0,0.0,2.0,0.0,0.0,0.0,5.0,0.0,7.0
43,loops,"[12021, 12032, 12033, 12034, 12035, 12036, 12037, 12038, 12039, 12040, 12044, 12045, 12046, 12047, 12048, 12049, 12050, 12051, 12052, 12053, 12054, 12055, 12056, 12057, 12058, 12059, 12060, 12061, 12062]",AAACATAAAATCATTCACACGAGAAAACA,17,6.0,2.0,4.0,1.0,1.0,2.0,2.0,0.0,1.0,4.0,0.0,0.0,0.0,1.0,0.0,12.0
44,loops,"[12089, 12090, 12091, 12092, 12093, 12099, 12100, 12101, 12107, 12108]",ATTCTTATAA,4,1.0,0.0,5.0,0.0,0.0,0.0,0.0,0.0,0.0,0.0,0.0,0.0,0.0,4.0,0.0,4.0
45,loops,"[12365, 12366, 12367, 12368, 12380, 12381, 12382, 12383, 12384, 12385, 12391, 12392]",TAACTAATTCAT,5,2.0,0.0,5.0,0.0,1.0,1.0,0.0,0.0,2.0,0.0,0.0,0.0,0.0,1.0,0.0,5.0
46,loops,"[12546, 12547, 12551, 12552, 12553, 12554, 12555, 12556, 12560, 12561, 12562, 12563, 12564, 12565]",AAAAACAAAGCTCT,8,3.0,1.0,2.0,1.0,1.0,0.0,0.0,0.0,0.0,2.0,0.0,0.0,0.0,0.0,0.0,4.0
47,loops,"[12935, 12936, 12937, 12938, 12939, 12940, 12952, 12953, 12954, 12955, 12956, 12957, 12965, 12966, 12967]",AAATAGGCTAATTCA,7,2.0,2.0,4.0,0.0,1.0,0.0,0.0,0.0,0.0,4.0,0.0,0.0,0.0,2.0,0.0,7.0
48,loops,"[13030, 13031, 13032, 13033, 13034, 13039, 13040, 13041, 13042, 13043, 13044, 13045, 13046, 13047, 13048, 13049, 13050, 13051, 13052, 13057]",TGACTTCAGCCATAGAAGGA,7,4.0,5.0,4.0,0.0,0.0,0.0,0.0,0.0,1.0,16.0,0.0,0.0,0.0,1.0,0.0,18.0
49,loops,"[13127, 13137, 13138, 13139, 13140, 13141, 13142, 13143, 13144, 13145]",AAGAAAATAG,7,0.0,2.0,1.0,0.0,1.0,0.0,0.0,0.0,0.0,3.0,0.0,0.0,0.0,0.0,0.0,4.0
50,loops,"[13651, 13663, 13664, 13665, 13666, 13667, 13668, 13669, 13670, 13671, 13672, 13673, 13674, 13675, 13676, 13681, 13682, 13683, 13684, 13685, 13686, 13687, 13688, 13689, 13690, 13691]",AATTAACGAAAATAAACCCTACTAAA,15,5.0,1.0,5.0,1.0,1.0,1.0,0.0,0.0,0.0,1.0,0.0,0.0,0.0,2.0,0.0,6.0
51,loops,"[13759, 13772, 13773, 13774, 13775, 13776, 13777, 13778, 13779, 13780, 13781]",GAAACAACAAT,7,2.0,1.0,1.0,0.0,1.0,0.0,0.0,0.0,1.0,3.0,0.0,0.0,0.0,0.0,0.0,5.0
52,loops,"[13951, 13952, 13953, 13954, 13955, 13956, 13957, 13958, 13959, 13960, 13961, 13962, 13963, 13964, 13965, 13966, 13967, 13968, 13969, 13970, 13979, 13980, 13985, 13986, 13987, 13988]",TATCTAGGCCTTCTTACGAGTGTACT,5,6.0,5.0,10.0,0.0,0.0,1.0,0.0,0.0,0.0,8.0,0.0,0.0,0.0,7.0,0.0,16.0
53,loops,"[14118, 14126, 14127, 14128, 14132, 14133]",ATAATA,4,0.0,0.0,2.0,0.0,0.0,0.0,0.0,0.0,0.0,0.0,0.0,0.0,0.0,6.0,0.0,6.0
54,loops,"[14249, 14250, 14251, 14252, 14253, 14254, 14255, 14256, 14257, 14258, 14259, 14260, 14261, 14278, 14279, 14280]",GCACCAATAGGATTGA,6,3.0,4.0,3.0,1.0,0.0,0.0,0.0,0.0,0.0,13.0,1.0,0.0,0.0,2.0,0.0,17.0
55,loops,"[14339, 14344, 14345, 14346, 14347, 14348, 14349, 14361, 14362, 14363, 14364, 14365, 14366]",AATCATAACAGCA,7,3.0,1.0,2.0,0.0,0.0,1.0,0.0,0.0,1.0,1.0,0.0,0.0,0.0,3.0,0.0,6.0
56,loops,"[14393, 14394, 14395, 14396, 14397, 14398, 14399, 14400, 14401, 14402, 14403, 14404, 14405, 14414, 14415, 14416, 14417, 14422, 14423, 14424]",ACTAAAACACTCATCAATGA,10,5.0,1.0,4.0,0.0,0.0,0.0,0.0,0.0,0.0,1.0,0.0,0.0,0.0,3.0,0.0,4.0
57,loops,"[14494, 14495, 14496, 14497, 14498, 14499, 14500, 14501, 14502, 14503, 14504, 14505, 14506, 14507, 14508, 14509, 14510, 14522, 14523, 14524, 14525, 14526, 14527]",TAAATAAATTAAAAAAAATATAA,17,0.0,0.0,6.0,0.0,1.0,1.0,0.0,0.0,0.0,0.0,0.0,0.0,0.0,7.0,0.0,9.0
58,loops,"[14560, 14561, 14571, 14572, 14573, 14574, 14575, 14576, 14577, 14578, 14579, 14580, 14581, 14582]",GATAACAATCAATA,8,2.0,1.0,3.0,0.0,1.0,0.0,0.0,0.0,0.0,5.0,0.0,0.0,0.0,0.0,0.0,6.0
59,loops,"[14626, 14627, 14628, 14629, 14633, 14634, 14635, 14636, 14637, 14638, 14639, 14640, 14641]",AAACATTACTAAA,8,2.0,0.0,3.0,0.0,1.0,0.0,1.0,0.0,1.0,0.0,0.0,0.0,0.0,2.0,0.0,5.0
60,loops,"[14775, 14776, 14777, 14778, 14779, 14780, 14781, 14782, 14783, 14784, 14785, 14786, 14787, 14788, 14789, 14790, 14795, 14796, 14797, 14798, 14799, 14800, 14801, 14802, 14803, 14804, 14805, 14806, 14807, 14808, 14813]",TAATAAAATTAATTAATCATTCATCGACCTA,14,5.0,1.0,11.0,0.0,1.0,0.0,0.0,0.0,0.0,5.0,0.0,0.0,0.0,9.0,0.0,15.0
61,loops,"[15372, 15373, 15374, 15375, 15376, 15377, 15378, 15379, 15380, 15392, 15393, 15394, 15395, 15396, 15397, 15398, 15399, 15400, 15401, 15408]",TAGGAATCAGATAAAATCAA,11,2.0,3.0,4.0,0.0,2.0,1.0,0.0,0.0,1.0,7.0,0.0,0.0,0.0,1.0,0.0,12.0
62,loops,"[15492, 15500, 15501, 15505, 15506, 15507, 15508, 15509, 15510, 15511, 15512, 15513, 15514, 15515]",TGAAGACAATTATA,7,1.0,2.0,4.0,0.0,0.0,0.0,0.0,0.0,0.0,4.0,0.0,0.0,0.0,1.0,0.0,5.0
63,loops,"[15530, 15531, 15532, 15533, 15534, 15535, 15536, 15541, 15546]",TTAAACATA,5,1.0,0.0,3.0,0.0,0.0,0.0,0.0,0.0,1.0,0.0,0.0,0.0,0.0,3.0,0.0,4.0
64,loops,"[15633, 15634, 15635, 15636, 15637, 15638, 15639, 15648, 15649, 15650, 15651, 15652, 15653, 15654, 15655, 15656, 15657, 15662, 15663]",TATCCATTAGCAATAATAT,8,3.0,1.0,7.0,4.0,1.0,0.0,0.0,1.0,0.0,2.0,0.0,0.0,0.0,5.0,0.0,13.0
65,loops,"[16170, 16171, 16172, 16177, 16178, 16179, 16180, 16181, 16182, 16183, 16184, 16189]",AATATCAAAACT,7,2.0,0.0,3.0,1.0,3.0,0.0,2.0,0.0,4.0,0.0,0.0,0.0,0.0,10.0,0.0,20.0
66,loops,"[16263, 16264, 16265, 16269, 16270, 16271, 16272, 16273, 16274, 16275, 16276, 16277, 16278, 16279, 16280, 16281, 16282, 16283, 16284, 16285, 16286, 16287, 16288, 16289, 16293]",TCAACTAGGATACCAACAAACCTAA,12,7.0,2.0,4.0,0.0,12.0,0.0,0.0,0.0,5.0,1.0,0.0,0.0,0.0,1.0,0.0,19.0
67,loops,"[16356, 16357, 16358, 16359, 16360, 16361, 16362, 16363, 16367, 16368, 16369, 16370, 16371, 16372, 16373, 16374]",TTCTCGTCATGGATGA,3,3.0,4.0,6.0,0.0,0.0,0.0,0.0,0.0,2.0,1.0,0.0,0.0,1.0,9.0,0.0,13.0
