G4_id,side,positions,sequence,A,C,T,G,A>C,A>G,A>T,C>A,C>G,C>T,T>A,T>C,T>G,G>A,G>C,G>T,number_of_Mut
1,tetrads,"[295, 296, 298, 299, 303, 304, 305, 306, 308, 309, 310, 311, 312, 313, 314, 315]",CCCCCCCCCCTCCCCC,0.0,15,1.0,0,0.0,0.0,0.0,3.0,0.0,3.0,0.0,0.0,0.0,0,0,0,6.0
2,tetrads,"[353, 354, 355, 356, 362, 369, 370, 371, 375, 376, 377, 378, 381, 382, 386, 387]",CCCCCCCCCACCCCCC,1.0,15,0.0,0,0.0,1.0,1.0,1.0,1.0,8.0,0.0,0.0,0.0,0,0,0,12.0
3,tetrads,"[458, 459, 461, 462, 463, 465, 466, 467, 468, 469, 494, 495, 496, 497, 498, 500, 501, 502, 505, 506]",CCCCCCTCCCCCCCCCCCCC,0.0,19,1.0,0,0.0,0.0,0.0,13.0,6.0,18.0,0.0,0.0,1.0,0,0,0,38.0
4,tetrads,"[534, 535, 536, 537, 541, 542, 543, 544, 557, 558, 559, 560, 568, 569, 570, 571]",CCCCCCCCCCCCCCCC,0.0,16,0.0,0,0.0,0.0,0.0,8.0,2.0,11.0,0.0,0.0,0.0,0,0,0,21.0
5,tetrads,"[957, 958, 959, 960, 962, 963, 964, 965, 981, 982, 983, 984, 999, 1000, 1001, 1002]",CCCCCCCCCACCCTCC,1.0,14,1.0,0,0.0,1.0,0.0,7.0,1.0,13.0,0.0,0.0,1.0,0,0,0,23.0
6,tetrads,"[1682, 1683, 1684, 1685, 1689, 1690, 1691, 1693, 1695, 1696, 1698, 1699, 1706, 1707, 1714, 1715]",CCCCCCCCCCCCCCCC,0.0,16,0.0,0,0.0,0.0,0.0,2.0,1.0,14.0,0.0,0.0,0.0,0,0,0,17.0
7,tetrads,"[2057, 2058, 2059, 2066, 2067, 2068, 2077, 2078, 2079, 2092, 2100, 2101]",CCCCCCCCCCCC,0.0,12,0.0,0,0.0,0.0,0.0,2.0,0.0,8.0,0.0,0.0,0.0,0,0,0,10.0
8,tetrads,"[3204, 3205, 3206, 3210, 3211, 3212, 3214, 3215, 3216, 3245, 3246, 3247]",CCCCCCCCCCCC,0.0,12,0.0,0,0.0,0.0,0.0,1.0,0.0,7.0,0.0,0.0,0.0,0,0,0,8.0
9,tetrads,"[3484, 3485, 3486, 3487, 3497, 3498, 3506, 3507, 3512, 3513, 3514, 3522, 3527, 3528, 3529, 3530]",CCCCCCCCCCCCCCCC,0.0,16,0.0,0,0.0,0.0,0.0,4.0,2.0,8.0,0.0,0.0,0.0,0,0,0,14.0
10,tetrads,"[3568, 3569, 3570, 3571, 3573, 3574, 3575, 3576, 3580, 3581, 3582, 3585, 3586, 3587, 3588, 3589]",CCCCCCCCCCCCCCCC,0.0,16,0.0,0,0.0,0.0,0.0,2.0,2.0,8.0,0.0,0.0,0.0,0,0,0,12.0
11,tetrads,"[3869, 3870, 3871, 3872, 3884, 3885, 3888, 3889, 3894, 3895, 3896, 3897, 3903, 3904, 3908, 3909]",CCACCCCCCCCCCCCC,1.0,15,0.0,0,0.0,1.0,0.0,2.0,1.0,7.0,0.0,0.0,0.0,0,0,0,11.0
12,tetrads,"[3953, 3954, 3960, 3961, 3962, 3963, 3968, 3969, 3970, 3975, 3983, 3984]",CCCCCCCCCCCC,0.0,12,0.0,0,0.0,0.0,0.0,2.0,0.0,8.0,0.0,0.0,0.0,0,0,0,10.0
13,tetrads,"[4086, 4088, 4089, 4094, 4095, 4096, 4099, 4106, 4107, 4109, 4110, 4111]",CCCCCCCCCCCC,0.0,12,0.0,0,0.0,0.0,0.0,3.0,1.0,11.0,0.0,0.0,0.0,0,0,0,15.0
14,tetrads,"[4228, 4229, 4230, 4235, 4241, 4242, 4245, 4249, 4250, 4251, 4252, 4253]",CCCCCCCCCCCC,0.0,12,0.0,0,0.0,0.0,0.0,2.0,1.0,5.0,0.0,0.0,0.0,0,0,0,8.0
15,tetrads,"[4349, 4350, 4351, 4354, 4355, 4356, 4364, 4365, 4374, 4375, 4382, 4383, 4391, 4392, 4393, 4394]",CCCCCCCCCCCCCCCC,0.0,16,0.0,0,0.0,0.0,0.0,3.0,0.0,8.0,0.0,0.0,0.0,0,0,0,11.0
16,tetrads,"[4461, 4462, 4463, 4477, 4478, 4479, 4483, 4484, 4485, 4488, 4489, 4490]",CCCCCCCCCCCC,0.0,12,0.0,0,0.0,0.0,0.0,0.0,0.0,3.0,0.0,0.0,0.0,0,0,0,3.0
17,tetrads,"[4879, 4880, 4881, 4882, 4883, 4892, 4898, 4899, 4906, 4908, 4909, 4910]",CCCCCCCCCCCC,0.0,12,0.0,0,0.0,0.0,0.0,3.0,1.0,5.0,0.0,0.0,0.0,0,0,0,9.0
18,tetrads,"[5193, 5194, 5195, 5202, 5203, 5206, 5207, 5209, 5210, 5211, 5213, 5214, 5218, 5219, 5220, 5232, 5233, 5234, 5235, 5236]",CCCCCCCCCCCCCCCCCCCC,0.0,20,0.0,0,0.0,0.0,0.0,1.0,1.0,9.0,0.0,0.0,0.0,0,0,0,11.0
19,tetrads,"[5303, 5304, 5305, 5306, 5308, 5309, 5317, 5318, 5320, 5321, 5327, 5328, 5330, 5331, 5336, 5337]",CCCCCCCCCCCCCCCC,0.0,16,0.0,0,0.0,0.0,0.0,6.0,3.0,11.0,0.0,0.0,0.0,0,0,0,20.0
20,tetrads,"[5428, 5433, 5434, 5435, 5437, 5438, 5439, 5440, 5447, 5448, 5449, 5450, 5454, 5461, 5462, 5463]",CCCCCCCCCCCCCCCC,0.0,16,0.0,0,0.0,0.0,0.0,3.0,2.0,10.0,0.0,0.0,0.0,0,0,0,15.0
21,tetrads,"[6421, 6422, 6423, 6424, 6433, 6434, 6435, 6441, 6447, 6448, 6449, 6450, 6463, 6464, 6467, 6468]",CCCCCCCCCCCCCCCC,0.0,16,0.0,0,0.0,0.0,0.0,3.0,0.0,6.0,0.0,0.0,0.0,0,0,0,9.0
22,tetrads,"[6539, 6540, 6545, 6546, 6553, 6554, 6556, 6557, 6566, 6567, 6568, 6569, 6584, 6585, 6586, 6587]",CCCCCCCCCCCCCCCC,0.0,16,0.0,0,0.0,0.0,0.0,1.0,0.0,8.0,0.0,0.0,0.0,0,0,0,9.0
23,tetrads,"[7397, 7398, 7399, 7400, 7401, 7402, 7404, 7405, 7406, 7409, 7410, 7412]",CCCCCCCCCCCC,0.0,12,0.0,0,0.0,0.0,0.0,1.0,0.0,6.0,0.0,0.0,0.0,0,0,0,7.0
24,tetrads,"[7807, 7808, 7813, 7815, 7816, 7817, 7819, 7820, 7821, 7824, 7825, 7826]",CCCCCCCCCCCC,0.0,12,0.0,0,0.0,0.0,0.0,5.0,1.0,7.0,0.0,0.0,0.0,0,0,0,13.0
25,tetrads,"[7942, 7943, 7944, 7945, 7956, 7957, 7958, 7959, 7966, 7967, 7973, 7974, 7981, 7982, 7990, 7991]",CTCCCCCCCCCCCCCC,0.0,15,1.0,0,0.0,0.0,0.0,4.0,0.0,10.0,0.0,0.0,0.0,0,0,0,14.0
26,tetrads,"[8262, 8263, 8264, 8270, 8273, 8274, 8275, 8276, 8281, 8282, 8283, 8284, 8285, 8293, 8294, 8295]",CCCCCCCCCCCCCCCC,0.0,16,0.0,0,0.0,0.0,0.0,6.0,0.0,16.0,0.0,0.0,0.0,0,0,0,22.0
27,tetrads,"[8468, 8471, 8472, 8474, 8475, 8476, 8478, 8480, 8481, 8486, 8487, 8488]",CCCCCCCCCCCC,0.0,12,0.0,0,0.0,0.0,0.0,1.0,3.0,12.0,0.0,0.0,0.0,0,0,0,16.0
28,tetrads,"[8559, 8560, 8561, 8562, 8568, 8569, 8574, 8575, 8578, 8579, 8580, 8585, 8605, 8606, 8607, 8608]",CCCCCCCCCCCCCCCC,0.0,16,0.0,0,0.0,0.0,0.0,5.0,1.0,13.0,0.0,0.0,0.0,0,0,0,19.0
29,tetrads,"[8806, 8807, 8810, 8811, 8813, 8814, 8815, 8822, 8834, 8835, 8840, 8841, 8844, 8845, 8846, 8847]",CCCCCCCCCCCCCCCC,0.0,16,0.0,0,0.0,0.0,0.0,4.0,2.0,11.0,0.0,0.0,0.0,0,0,0,17.0
30,tetrads,"[8914, 8915, 8916, 8917, 8924, 8925, 8926, 8927, 8932, 8933, 8934, 8935, 8940, 8941, 8942, 8943]",CCACCACCCCCCCCCC,2.0,14,0.0,0,0.0,2.0,0.0,3.0,1.0,10.0,0.0,0.0,0.0,0,0,0,16.0
31,tetrads,"[9243, 9244, 9245, 9248, 9249, 9250, 9256, 9257, 9258, 9268, 9269, 9270]",CCCCCCCCCCCC,0.0,12,0.0,0,0.0,0.0,0.0,1.0,1.0,7.0,0.0,0.0,0.0,0,0,0,9.0
32,tetrads,"[9526, 9527, 9528, 9529, 9532, 9533, 9534, 9535, 9536, 9537, 9555, 9556, 9557, 9558, 9559, 9566, 9571, 9572, 9573, 9574]",CCCCCCCCCCCCCCCCCCCC,0.0,20,0.0,0,0.0,0.0,0.0,3.0,1.0,10.0,0.0,0.0,0.0,0,0,0,14.0
33,tetrads,"[9583, 9584, 9585, 9593, 9594, 9595, 9599, 9600, 9605, 9607, 9610, 9611]",CCCCCCCCCCCC,0.0,12,0.0,0,0.0,0.0,0.0,3.0,0.0,8.0,0.0,0.0,0.0,0,0,0,11.0
34,tetrads,"[10184, 10185, 10186, 10194, 10195, 10196, 10198, 10199, 10200, 10205, 10206, 10207]",CCCCCCCCCCCC,0.0,12,0.0,0,0.0,0.0,0.0,0.0,0.0,4.0,0.0,0.0,0.0,0,0,0,4.0
35,tetrads,"[10267, 10268, 10269, 10271, 10272, 10278, 10279, 10280, 10281, 10291, 10292, 10293]",CCCCCCCCCCCC,0.0,12,0.0,0,0.0,0.0,0.0,4.0,0.0,6.0,0.0,0.0,0.0,0,0,0,10.0
36,tetrads,"[10612, 10613, 10614, 10621, 10622, 10623, 10627, 10628, 10629, 10631, 10636, 10637]",CCCCCCCCCCCC,0.0,12,0.0,0,0.0,0.0,0.0,1.0,0.0,5.0,0.0,0.0,0.0,0,0,0,6.0
37,tetrads,"[10918, 10919, 10920, 10923, 10924, 10929, 10930, 10931, 10932, 10933, 10936, 10937, 10938, 10939, 10940, 10947, 10948, 10949, 10950, 10951]",CCCCCCCTCCCCCCCCCCCC,0.0,19,1.0,0,0.0,0.0,0.0,5.0,0.0,10.0,0.0,1.0,0.0,0,0,0,16.0
38,tetrads,"[10973, 10974, 10975, 10976, 10979, 10980, 10981, 10982, 10999, 11000, 11005, 11006, 11013, 11014, 11021, 11022]",CTCCCCCCCCCCCCCC,0.0,15,1.0,0,0.0,0.0,0.0,2.0,0.0,8.0,0.0,0.0,0.0,0,0,0,10.0
39,tetrads,"[11130, 11131, 11140, 11141, 11142, 11143, 11145, 11146, 11155, 11160, 11161, 11162]",CCCCCCCCCCCC,0.0,12,0.0,0,0.0,0.0,0.0,1.0,0.0,6.0,0.0,0.0,0.0,0,0,0,7.0
40,tetrads,"[11206, 11207, 11215, 11217, 11218, 11219, 11229, 11230, 11231, 11234, 11235, 11236]",CCCCCCCCCCCC,0.0,12,0.0,0,0.0,0.0,0.0,4.0,1.0,7.0,0.0,0.0,0.0,0,0,0,12.0
41,tetrads,"[11512, 11513, 11514, 11515, 11516, 11525, 11527, 11532, 11533, 11536, 11537, 11538]",CCCCCCCCCCCC,0.0,12,0.0,0,0.0,0.0,0.0,2.0,0.0,7.0,0.0,0.0,0.0,0,0,0,9.0
42,tetrads,"[11643, 11644, 11645, 11658, 11659, 11663, 11665, 11673, 11674, 11675, 11676, 11677]",CCCCCCCCCCCC,0.0,12,0.0,0,0.0,0.0,0.0,4.0,0.0,5.0,0.0,0.0,0.0,0,0,0,9.0
43,tetrads,"[12018, 12019, 12020, 12022, 12023, 12031, 12041, 12042, 12043, 12063, 12064, 12065]",CCCCCCCCCCCC,0.0,12,0.0,0,0.0,0.0,0.0,3.0,0.0,7.0,0.0,0.0,0.0,0,0,0,10.0
44,tetrads,"[12084, 12085, 12086, 12087, 12088, 12094, 12095, 12096, 12097, 12098, 12102, 12103, 12104, 12105, 12106, 12109, 12110, 12111, 12112, 12115]",CCCCCCCTCCCCCTCCCCCC,0.0,18,2.0,0,0.0,0.0,0.0,7.0,2.0,12.0,0.0,0.0,0.0,0,0,0,21.0
45,tetrads,"[12359, 12360, 12362, 12363, 12364, 12369, 12370, 12377, 12378, 12379, 12386, 12387, 12388, 12389, 12390, 12393, 12394, 12401, 12402, 12403]",CCCCCCCCCCCCCCCCCCCC,0.0,20,0.0,0,0.0,0.0,0.0,2.0,0.0,16.0,0.0,0.0,0.0,0,0,0,18.0
46,tetrads,"[12542, 12543, 12545, 12548, 12549, 12550, 12557, 12558, 12559, 12566, 12567, 12568]",CCCCCCCCCCCC,0.0,12,0.0,0,0.0,0.0,0.0,1.0,0.0,9.0,0.0,0.0,0.0,0,0,0,10.0
47,tetrads,"[12927, 12928, 12929, 12934, 12941, 12942, 12943, 12951, 12958, 12959, 12963, 12964, 12968, 12969, 12970, 12971]",CCCCCCCCCCCCCCCC,0.0,16,0.0,0,0.0,0.0,0.0,0.0,1.0,8.0,0.0,0.0,0.0,0,0,0,9.0
48,tetrads,"[13026, 13027, 13028, 13029, 13035, 13036, 13037, 13038, 13053, 13054, 13055, 13056, 13058, 13059, 13060, 13061]",CCCCCCCCCCCCCCCC,0.0,16,0.0,0,0.0,0.0,0.0,3.0,1.0,8.0,0.0,0.0,0.0,0,0,0,12.0
49,tetrads,"[13122, 13125, 13126, 13128, 13129, 13130, 13131, 13132, 13136, 13146, 13147, 13148]",CCCCCCCCCCCC,0.0,12,0.0,0,0.0,0.0,0.0,3.0,1.0,8.0,0.0,0.0,0.0,0,0,0,12.0
50,tetrads,"[13647, 13648, 13649, 13650, 13652, 13653, 13654, 13662, 13677, 13678, 13679, 13680, 13692, 13693, 13694, 13695]",CCCCCCCCCCCCCCCC,0.0,16,0.0,0,0.0,0.0,0.0,3.0,2.0,10.0,0.0,0.0,0.0,0,0,0,15.0
51,tetrads,"[13755, 13756, 13757, 13758, 13760, 13763, 13764, 13765, 13766, 13767, 13770, 13771, 13782, 13783, 13784, 13785]",CCCCCCCCCCCCCCCC,0.0,16,0.0,0,0.0,0.0,0.0,8.0,2.0,10.0,0.0,0.0,0.0,0,0,0,20.0
52,tetrads,"[13947, 13948, 13949, 13950, 13971, 13972, 13977, 13978, 13981, 13982, 13983, 13984, 13989, 13990, 13992, 13993]",CCCCCCCCCCCCCCCC,0.0,16,0.0,0,0.0,0.0,0.0,3.0,1.0,12.0,0.0,0.0,0.0,0,0,0,16.0
53,tetrads,"[14115, 14116, 14117, 14119, 14124, 14125, 14129, 14130, 14131, 14134, 14136, 14137]",CCCCCCCCCCCC,0.0,12,0.0,0,0.0,0.0,0.0,2.0,0.0,10.0,0.0,0.0,0.0,0,0,0,12.0
54,tetrads,"[14245, 14246, 14247, 14248, 14262, 14263, 14265, 14266, 14267, 14275, 14276, 14277, 14281, 14282, 14283, 14284]",CCCCCCCCCCCCCCCC,0.0,16,0.0,0,0.0,0.0,0.0,1.0,1.0,9.0,0.0,0.0,0.0,0,0,0,11.0
55,tetrads,"[14334, 14335, 14337, 14338, 14340, 14341, 14342, 14343, 14350, 14358, 14359, 14360, 14367, 14368, 14372, 14373]",CCCCCCCCCCCCCCCC,0.0,16,0.0,0,0.0,0.0,0.0,3.0,1.0,10.0,0.0,0.0,0.0,0,0,0,14.0
56,tetrads,"[14389, 14390, 14391, 14392, 14406, 14407, 14412, 14413, 14418, 14419, 14420, 14421, 14425, 14426, 14427, 14428]",CCCCCCCCCCCCCCCC,0.0,16,0.0,0,0.0,0.0,0.0,1.0,0.0,11.0,0.0,0.0,0.0,0,0,0,12.0
57,tetrads,"[14490, 14491, 14492, 14493, 14511, 14519, 14520, 14521, 14528, 14529, 14530, 14531, 14532, 14533, 14534, 14535]",CCCCCCCCCCTCCCCC,0.0,15,1.0,0,0.0,0.0,0.0,2.0,1.0,6.0,1.0,0.0,1.0,0,0,0,11.0
58,tetrads,"[14557, 14558, 14559, 14562, 14563, 14570, 14583, 14588, 14589, 14590, 14591, 14592]",CCCCCCCCCCCC,0.0,12,0.0,0,0.0,0.0,0.0,2.0,1.0,5.0,0.0,0.0,0.0,0,0,0,8.0
59,tetrads,"[14620, 14621, 14622, 14623, 14624, 14625, 14630, 14631, 14632, 14642, 14643, 14644]",CCCCACCCCCCC,1.0,11,0.0,0,0.0,0.0,0.0,3.0,1.0,4.0,0.0,0.0,0.0,0,0,0,8.0
60,tetrads,"[14771, 14772, 14773, 14774, 14791, 14792, 14793, 14794, 14809, 14810, 14811, 14812, 14814, 14815, 14816, 14817]",CCCCCCACCCCCCCCC,1.0,15,0.0,0,0.0,1.0,0.0,5.0,3.0,10.0,0.0,0.0,0.0,0,0,0,19.0
61,tetrads,"[15368, 15369, 15370, 15371, 15381, 15382, 15390, 15391, 15402, 15403, 15406, 15407, 15409, 15410, 15411, 15415]",CCCCCCCCCCCCCCCC,0.0,16,0.0,0,0.0,0.0,0.0,4.0,1.0,11.0,0.0,0.0,0.0,0,0,0,16.0
62,tetrads,"[15486, 15490, 15491, 15493, 15494, 15499, 15502, 15503, 15504, 15516, 15517, 15518]",CCCCCCCCCCCC,0.0,12,0.0,0,0.0,0.0,0.0,3.0,2.0,10.0,0.0,0.0,0.0,0,0,0,15.0
63,tetrads,"[15526, 15527, 15528, 15529, 15537, 15538, 15539, 15540, 15542, 15543, 15544, 15545, 15547, 15554, 15555, 15556]",CCCCCCCCCCCCCCCC,0.0,16,0.0,0,0.0,0.0,0.0,2.0,1.0,10.0,0.0,0.0,0.0,0,0,0,13.0
64,tetrads,"[15624, 15625, 15626, 15632, 15640, 15641, 15646, 15647, 15658, 15659, 15660, 15661, 15664, 15665, 15667, 15668]",CCCCCCCCCCCCCCCC,0.0,16,0.0,0,0.0,0.0,0.0,6.0,0.0,14.0,0.0,0.0,0.0,0,0,0,20.0
65,tetrads,"[16159, 16167, 16168, 16169, 16173, 16174, 16175, 16176, 16185, 16186, 16187, 16188, 16190, 16191, 16192, 16193]",CCCCCCACCCCCCCCC,1.0,15,0.0,0,1.0,0.0,1.0,4.0,4.0,0.0,0.0,0.0,0.0,0,0,0,10.0
66,tetrads,"[16260, 16261, 16262, 16266, 16267, 16268, 16290, 16291, 16292, 16294, 16295, 16296]",CCCCCCCCCCCC,0.0,12,0.0,0,0.0,0.0,0.0,8.0,7.0,3.0,0.0,0.0,0.0,0,0,0,18.0
67,tetrads,"[16353, 16354, 16355, 16364, 16365, 16366, 16375, 16376, 16377, 16378, 16379, 16380]",CCCCCCCCCCCC,0.0,12,0.0,0,0.0,0.0,0.0,3.0,1.0,5.0,0.0,0.0,0.0,0,0,0,9.0
